year,chart_date,rank,title,artist,raw_genre,legacy_simplified_genre,vader_fulltext_score,textblob_fulltext_score,vader_fulltext_label,textblob_fulltext_label,model_agreement,simplified_genre,genre_review_status,genre_review_note,contains_read_more,contains_embed,contains_contributors,contains_genius_metadata,raw_character_count,clean_character_count,clean_word_count,clean_line_count,usable_lyrics,word_count,line_count,unique_word_ratio,repeated_line_share,lyrics_available,rank_weight
1965,1965-08-28,1,I Got You Babe,Sonny & Cher,Pop,Pop,0.969,0.0487637362637362,positive,neutral,False,Pop,rule_based,,False,False,False,False,1093,859,198,30,True,198,30,0.41919191919191917,0.2666666666666667,True,100
1965,1965-08-28,2,Help!,The Beatles,"classic rock, psychedelic rock",Rock,0.9944,-0.0274509803921568,positive,neutral,False,Rock,rule_based,,True,False,False,False,1365,1343,271,29,True,271,29,0.2915129151291513,0.3448275862068966,True,99
1965,1965-08-28,3,California Girls,The Beach Boys,baroque pop,Pop,0.9948,0.204040404040404,positive,positive,True,Pop,rule_based,,False,False,False,False,1142,1142,220,26,True,220,26,0.37272727272727274,0.2692307692307693,True,98
1965,1965-08-28,4,Unchained Melody,The Righteous Brothers,Pop,Pop,0.9879,0.1399999999999999,positive,positive,True,Pop,rule_based,,False,False,False,False,579,579,121,24,True,121,24,0.36363636363636365,0.33333333333333337,True,97
1965,1965-08-28,5,It's The Same Old Song,Four Tops,"motown, northern soul, soul",Soul,0.9979,0.1545454545454544,positive,positive,True,R&B/Soul,rule_based,,False,False,False,False,1742,1466,278,34,True,278,34,0.27697841726618705,0.2941176470588235,True,96
1965,1965-08-28,6,Like A Rolling Stone,Bob Dylan,"folk rock, folk, singer-songwriter, roots rock, country rock",Rock,-0.6614,0.1694394685773996,negative,positive,False,Rock,rule_based,,False,False,False,False,2035,2035,400,59,True,400,59,0.455,0.22033898305084743,True,95
1965,1965-08-28,7,Save Your Heart For Me,Gary Lewis And The Playboys,Rock,Rock,0.9943,0.1175324675324675,positive,positive,True,Rock,rule_based,,False,False,False,False,713,713,138,22,True,138,22,0.5579710144927537,0.09090909090909094,True,94
1965,1965-08-28,8,"Hold Me, Thrill Me, Kiss Me",Mel Carter,doo-wop,Pop,0.9969,0.1093434343434343,positive,positive,True,Pop,rule_based,,False,False,False,False,1063,1063,226,27,True,226,27,0.3230088495575221,0.07407407407407407,True,93
1965,1965-08-28,9,Down In The Boondocks,Billy Joe Royal,northern soul,Soul,0.9703,-0.0290824915824916,positive,neutral,False,R&B/Soul,rule_based,,False,False,False,False,1313,1313,276,23,True,276,23,0.3333333333333333,0.4782608695652174,True,92
1965,1965-08-28,10,Papa's Got A Brand New Bag (Part I),James Brown And The Famous Flames,R&B/Soul,R&B,0.9587,0.3581726354453627,positive,positive,True,R&B/Soul,rule_based,,False,False,False,False,701,701,143,24,True,141,24,0.3900709219858156,0.08333333333333337,True,91
1965,1965-08-28,11,"Baby, I'm Yours",Barbara Lewis,"northern soul, doo-wop",Pop,-0.7579,-0.0202380952380952,negative,neutral,False,R&B/Soul,rule_based,,False,False,False,False,692,692,141,22,True,141,22,0.46808510638297873,0.2272727272727273,True,90
1965,1965-08-28,12,You Were On My Mind,We Five,folk rock,Rock,-0.9648,-0.1555555555555555,negative,negative,True,Rock,rule_based,,False,False,False,False,717,717,165,30,True,165,30,0.2727272727272727,0.3666666666666667,True,89
1965,1965-08-28,13,Nothing But Heartaches,The Supremes,"motown, northern soul, soul",Soul,0.9982,0.2604166666666666,positive,positive,True,R&B/Soul,rule_based,,False,False,False,False,1968,1968,380,47,True,380,47,0.21578947368421053,0.4042553191489362,True,88
1965,1965-08-28,14,Don't Just Stand There,Patty Duke,adult standards,Other,0.9327,-0.067375283446712,positive,negative,False,Pop,rule_based,,False,False,False,False,1017,1017,198,40,True,198,40,0.43434343434343436,0.375,True,87
1965,1965-08-28,15,All I Really Want To Do,Cher,"free jazz, soul jazz",Soul,0.978,0.0277777777777777,positive,neutral,False,Folk,manual_override,Source returned an unrelated jazz profile; song reviewed manually.,False,False,False,False,1031,1031,211,35,True,211,35,0.3033175355450237,0.34285714285714286,True,86
1965,1965-08-28,16,(I Can't Get No) Satisfaction,The Rolling Stones,"classic rock, rock",Rock,0.9218,-0.0181818181818181,positive,neutral,False,Rock,rule_based,,False,False,False,False,1237,1237,261,37,True,261,37,0.29118773946360155,0.32432432432432434,True,85
1965,1965-08-28,17,Since I Lost My Baby,The Temptations,"motown, soul",Soul,-0.9683,-0.053303872053872,negative,negative,True,R&B/Soul,rule_based,,False,False,False,False,1512,1512,310,53,True,310,53,0.3580645161290323,0.16981132075471694,True,84
1965,1965-08-28,18,What's New Pussycat?,Tom Jones,Pop,Pop,0.9919,0.1977840909090909,positive,positive,True,Pop,rule_based,,False,False,False,False,825,825,145,35,True,145,35,0.35172413793103446,0.4285714285714286,True,83
1965,1965-08-28,19,The Tracks Of My Tears,The Miracles,"motown, northern soul, soul",Soul,0.9963,0.295949074074074,positive,positive,True,R&B/Soul,rule_based,,False,False,False,False,1271,1271,268,38,True,268,38,0.332089552238806,0.1578947368421053,True,82
1965,1965-08-28,20,"I'm Henry VIII, I Am",Herman's Hermits,Pop,,,,,not_scored,False,Pop,rule_based,,False,False,False,False,0,0,0,0,False,0,0,0.0,0.0,False,81
1965,1965-08-28,21,It Ain't Me Babe,The Turtles,Rock,Rock,-0.9921,0.1375826719576719,negative,positive,False,Rock,rule_based,,False,False,False,False,985,985,209,30,True,209,30,0.3349282296650718,0.30000000000000004,True,80
1965,1965-08-28,22,"The ""In"" Crowd",Ramsey Lewis Trio,"jazz funk, smooth jazz, northern soul, soul jazz, jazz",,,,,not_scored,False,R&B/Soul,rule_based,,False,False,False,False,0,0,0,0,False,0,0,0.0,0.0,False,79
1965,1965-08-28,23,I'm A Fool,"Dino, Desi & Billy","baroque pop, bubblegum pop",Pop,-0.575,-0.0694444444444444,negative,negative,True,Pop,rule_based,,False,False,False,False,845,845,191,28,True,191,28,0.35602094240837695,0.3928571428571429,True,78
1965,1965-08-28,24,In The Midnight Hour,Wilson Pickett,"motown, soul, northern soul",Soul,0.987,0.2955026455026455,positive,positive,True,R&B/Soul,rule_based,,False,False,False,False,961,961,197,30,True,197,30,0.34517766497461927,0.16666666666666663,True,77
1965,1965-08-28,25,Heart Full Of Soul,The Yardbirds,"psychedelic rock, acid rock, blues rock",Rock,-0.8443,-0.0382142857142857,negative,neutral,False,Rock,rule_based,,False,False,False,False,683,682,152,28,True,152,28,0.40131578947368424,0.3928571428571429,True,76
1965,1965-08-28,26,Ju Ju Hand,Sam The Sham and the Pharaohs,Rock,Rock,0.994,0.1302083333333333,positive,positive,True,Rock,rule_based,,False,False,False,False,1201,1201,244,32,True,243,32,0.3374485596707819,0.34375,True,75
1965,1965-08-28,27,Eve Of Destruction,Barry McGuire,folk rock,Rock,-0.9945,-0.21875,negative,negative,True,Rock,rule_based,,False,False,False,False,1616,1616,301,33,True,301,33,0.4717607973421927,0.09090909090909094,True,74
1965,1965-08-28,28,Looking Through The Eyes Of Love,Gene Pitney,Pop,Pop,0.999,0.3822109988776656,positive,positive,True,Pop,rule_based,,False,False,False,False,1336,1336,272,32,True,272,32,0.28308823529411764,0.28125,True,73
1965,1965-08-28,29,Houston,Dean Martin,"christmas, adult standards, big band, swing music",Holiday,0.6249,-0.0316239316239316,positive,neutral,False,Country,manual_override,Artist-level Christmas tag does not describe this song.,False,False,False,False,787,787,155,25,True,155,25,0.4774193548387097,0.28,True,72
1965,1965-08-28,30,Take Me Back,Little Anthony And The Imperials,"doo-wop, northern soul",Pop,-0.8968,0.0256684491978609,negative,neutral,False,R&B/Soul,rule_based,,False,False,False,False,789,789,166,32,True,166,32,0.3313253012048193,0.46875,True,71
1965,1965-08-28,31,Action,Freddy Cannon,"doo-wop, rockabilly",Pop,0.9717,0.0761831275720164,positive,positive,True,Rock,rule_based,,False,False,False,False,1927,1927,398,38,True,398,38,0.20351758793969849,0.5526315789473684,True,70
1965,1965-08-28,32,Shake And Fingerpop,Jr. Walker & The All Stars,"motown, northern soul, soul",Soul,-0.8126,0.0171428571428571,negative,neutral,False,R&B/Soul,rule_based,,False,False,False,False,818,818,165,29,True,165,29,0.40606060606060607,0.10344827586206895,True,69
1965,1965-08-28,33,"Sunshine, Lollipops And Rainbows",Lesley Gore,Pop,Pop,0.9973,0.54375,positive,positive,True,Pop,rule_based,,False,False,False,False,928,928,159,26,True,159,26,0.3270440251572327,0.42307692307692313,True,68
1965,1965-08-28,34,You'd Better Come Home,Petula Clark,Pop,Pop,-0.7707,0.2762132604237868,negative,positive,False,Pop,rule_based,,False,False,False,False,1209,1209,246,28,True,245,28,0.2979591836734694,0.3928571428571429,True,67
1965,1965-08-28,35,I Don't Wanna Lose You Baby,Chad & Jeremy,"baroque pop, psychedelic pop",,,,,not_scored,False,Pop,rule_based,,False,False,False,False,0,0,0,0,False,0,0,0.0,0.0,False,66
1965,1965-08-28,36,I Want Candy,The Strangeloves,"garage rock, proto-punk",Rock,0.1211,0.0701388888888888,positive,positive,True,Alternative,rule_based,,False,False,False,False,590,590,122,30,True,122,30,0.5819672131147541,0.5,True,65
1965,1965-08-28,37,Sugar Dumpling,Sam Cooke,"motown, soul",Soul,0.9966,0.2482142857142857,positive,positive,True,R&B/Soul,rule_based,,False,False,False,False,1118,1118,222,37,True,222,37,0.36936936936936937,0.32432432432432434,True,64
1965,1965-08-28,38,You Tell Me Why,The Beau Brummels,"acid rock, garage rock, baroque pop, folk rock, country rock, psychedelic pop",Pop,0.6179,0.2688552188552188,positive,positive,True,Rock,rule_based,,False,False,False,False,501,501,114,19,True,114,19,0.4824561403508772,0.1578947368421053,True,63
1965,1965-08-28,39,I Like It Like That,The Dave Clark Five,Rock,Rock,0.9678,-0.0831018518518518,positive,negative,False,Rock,rule_based,,False,False,False,False,1362,1362,308,28,True,308,28,0.19480519480519481,0.4642857142857143,True,62
1965,1965-08-28,40,"Cara, Mia",Jay & The Americans,doo-wop,Pop,-0.9774,0.2249999999999999,negative,positive,False,Pop,rule_based,,False,False,False,False,834,834,178,33,True,178,33,0.16853932584269662,0.6060606060606061,True,61
1965,1965-08-28,41,Agent Double-O-Soul,Edwin Starr,"northern soul, motown",Soul,0.842,-0.0325946275946276,positive,neutral,False,R&B/Soul,rule_based,,False,False,False,False,1114,1114,228,43,True,228,43,0.4649122807017544,0.2558139534883721,True,60
1965,1965-08-28,42,Catch Us If You Can,The Dave Clark Five,Rock,Rock,-0.235,-0.15,negative,negative,True,Rock,rule_based,,False,False,False,False,648,647,154,24,True,154,24,0.23376623376623376,0.6666666666666667,True,59
1965,1965-08-28,43,We Gotta Get Out Of This Place,The Animals,classic rock,Rock,0.9866,0.0646825396825396,positive,positive,True,Rock,rule_based,,False,False,False,False,1293,1293,262,42,True,262,42,0.33969465648854963,0.38095238095238093,True,58
1965,1965-08-28,44,"Sad, Sad Girl",Barbara Mason,philly soul,Soul,-0.9969,-0.3446428571428572,negative,negative,True,R&B/Soul,rule_based,,False,False,False,False,788,788,164,36,True,164,36,0.35365853658536583,0.2777777777777778,True,57
1965,1965-08-28,45,Who'll Be The Next In Line,The Kinks,"proto-punk, baroque pop",Pop,0.9393,0.1521739130434782,positive,positive,True,Alternative,rule_based,,False,False,False,False,935,935,194,27,True,194,27,0.21649484536082475,0.5555555555555556,True,56
1965,1965-08-28,46,Summer Nights,Marianne Faithfull,Pop,Pop,0.9665,0.08502886002886,positive,positive,True,Pop,rule_based,,False,False,False,False,691,691,143,28,True,143,28,0.5804195804195804,0.1785714285714286,True,55
1965,1965-08-28,47,All I Really Want To Do,The Byrds,"folk rock, country rock, psychedelic rock, acid rock",Rock,0.9469,-0.0691358024691358,positive,negative,False,Rock,rule_based,,False,False,False,False,669,669,144,23,True,144,23,0.3680555555555556,0.17391304347826086,True,54
1965,1965-08-28,48,A Little You,Freddie And The Dreamers,Pop,Pop,-0.561,-0.0645833333333333,negative,negative,True,Pop,rule_based,,False,False,False,False,1192,1192,258,40,True,256,40,0.32421875,0.375,True,53
1965,1965-08-28,49,Hang On Sloopy,The McCoys,Pop,Pop,0.9909,0.0361760461760461,positive,neutral,False,Pop,rule_based,,False,False,False,False,1073,1072,213,32,True,213,32,0.2347417840375587,0.40625,True,52
1965,1965-08-28,50,You've Been In Love Too Long,Martha & The Vandellas,"motown, northern soul, soul",Soul,0.8294,0.1733571428571428,positive,positive,True,R&B/Soul,rule_based,,False,False,False,False,1159,1159,225,35,True,225,35,0.38222222222222224,0.19999999999999996,True,51
1965,1965-08-28,51,I'll Always Love You,The Spinners,"philly soul, motown, soul, northern soul",Soul,0.9978,0.0608695652173913,positive,positive,True,R&B/Soul,rule_based,,False,False,False,False,1222,1222,235,42,True,235,42,0.33191489361702126,0.4285714285714286,True,50
1965,1965-08-28,52,Laugh At Me,Sonny,"house, tech house",Dance,-0.5897,-0.1160714285714285,negative,negative,True,Pop,manual_override,Source returned an unrelated house/tech-house profile.,False,False,False,False,940,940,210,32,True,210,32,0.4857142857142857,0.03125,True,49
1965,1965-08-28,53,It's Gonna Take A Miracle,The Royalettes,"northern soul, doo-wop",Pop,0.9984,0.0686429512516468,positive,positive,True,R&B/Soul,rule_based,,False,False,False,False,1135,1135,230,37,True,230,37,0.3,0.3783783783783784,True,48
1965,1965-08-28,54,If I Didn't Love You,Chuck Jackson,"northern soul, motown, doo-wop",Pop,-0.9961,0.3910714285714285,negative,positive,False,R&B/Soul,rule_based,,False,False,False,False,902,902,194,35,True,194,35,0.3711340206185567,0.17142857142857137,True,47
1965,1965-08-28,55,I'm A Happy Man,The Jive Five,"doo-wop, northern soul",Pop,0.9999,0.7201388888888878,positive,positive,True,R&B/Soul,rule_based,,False,False,False,False,1651,1651,326,64,True,326,64,0.18711656441717792,0.546875,True,46
1965,1965-08-28,56,I'll Take You Where The Music's Playing,The Drifters,"doo-wop, motown",Pop,0.9111,-0.0835034013605442,positive,negative,False,R&B/Soul,rule_based,,False,False,False,False,1101,1101,211,30,True,211,30,0.36018957345971564,0.33333333333333337,True,45
1965,1965-08-28,57,Ride Your Pony,Lee Dorsey,northern soul,Soul,-0.2023,0.1141655844155844,negative,positive,False,R&B/Soul,rule_based,,False,False,False,False,709,709,125,20,True,125,20,0.528,0.19999999999999996,True,44
1965,1965-08-28,58,(My Girl) Sloopy,Little Caesar And The Consuls,Doo Wop,,,,,not_scored,False,Other,rule_based,,False,False,False,False,0,0,0,0,False,0,0,0.0,0.0,False,43
1965,1965-08-28,59,Moon Over Naples,Bert Kaempfert And His Orchestra,"orchestra, easy listening, big band, exotica",,,,,not_scored,False,Jazz,rule_based,,False,False,False,False,0,0,0,0,False,0,0,0.0,0.0,False,42
1965,1965-08-28,60,Baby Don't Go,Sonny & Cher,Pop,Pop,0.555,0.012719298245614,positive,neutral,False,Pop,rule_based,,False,False,False,False,675,675,146,17,True,145,17,0.4827586206896552,0.11764705882352944,True,41
1965,1965-08-28,61,New Orleans,Eddie Hodges,Pop,,,,,not_scored,False,Pop,rule_based,,False,False,False,False,0,0,0,0,False,0,0,0.0,0.0,False,40
1965,1965-08-28,62,Annie Fanny,The Kingsmen,"proto-punk, garage rock",Rock,0.9941,0.2945175438596491,positive,positive,True,Alternative,rule_based,,False,False,False,False,1329,1329,245,32,True,244,32,0.3442622950819672,0.46875,True,39
1965,1965-08-28,63,Hung On You,The Righteous Brothers,Pop,Pop,0.8405,0.1049242424242424,positive,positive,True,Pop,rule_based,,False,False,False,False,1017,1017,238,32,True,238,32,0.37815126050420167,0.21875,True,38
1965,1965-08-28,64,Candy,The Astors,"northern soul, soul",Soul,0.9719,0.2634199134199134,positive,positive,True,R&B/Soul,rule_based,,False,False,False,False,565,565,115,36,True,115,36,0.591304347826087,0.3055555555555556,True,37
1965,1965-08-28,65,First I Look At The Purse,The Contours,"motown, northern soul",Soul,0.9899,0.1739583333333333,positive,positive,True,R&B/Soul,rule_based,,False,False,False,False,1656,1656,352,44,True,352,44,0.3125,0.045454545454545414,True,36
1965,1965-08-28,66,Moonlight And Roses (Bring Mem'ries Of You),Vic Dana,hypertechno,Other,0.9764,0.5142857142857142,positive,positive,True,Pop,manual_override,Source returned an unrelated hypertechno profile.,False,False,False,False,316,316,50,13,True,50,13,0.48,0.46153846153846156,True,35
1965,1965-08-28,67,Danger Heartbreak Dead Ahead,The Marvelettes,"motown, northern soul, doo-wop",Pop,-0.9982,-0.0071428571428571,negative,neutral,False,R&B/Soul,rule_based,,False,False,False,False,881,881,158,29,True,158,29,0.5506329113924051,0.06896551724137934,True,34
1965,1965-08-28,68,"It's Too Late, Baby Too Late",Arthur Prysock,"vocal jazz, philly soul",,,,,not_scored,False,R&B/Soul,rule_based,,False,False,False,False,0,0,0,0,False,0,0,0.0,0.0,False,33
1965,1965-08-28,69,It's A Man Down There,G.L. Crockett,rockabilly,,,,,not_scored,False,Rock,rule_based,,False,False,False,False,0,0,0,0,False,0,0,0.0,0.0,False,32
1965,1965-08-28,70,I'll Make All Your Dreams Come True,Ronnie Dove,Country,Country,0.981,0.1171428571428571,positive,positive,True,Country,rule_based,,False,False,False,False,641,641,136,23,True,136,23,0.4264705882352941,0.30434782608695654,True,31
1965,1965-08-28,71,Give All Your Love To Me,Gerry And The Pacemakers,Pop,Pop,0.9847,0.3259259259259259,positive,positive,True,Pop,rule_based,,False,False,False,False,544,544,112,17,True,111,17,0.43243243243243246,0.2941176470588235,True,30
1965,1965-08-28,72,Just You,Sonny & Cher,Pop,Pop,0.9127,-0.0788011988011988,positive,negative,False,Pop,rule_based,,False,False,False,False,871,871,187,24,True,187,24,0.39037433155080214,0.08333333333333337,True,29
1965,1965-08-28,73,Ride Away,Roy Orbison,rockabilly,Rock,-0.9239,-0.0968749999999999,negative,negative,True,Rock,rule_based,,False,False,False,False,845,845,169,27,True,169,27,0.5502958579881657,0.0,True,28
1965,1965-08-28,74,No Pity (In The Naked City),Jackie Wilson,"northern soul, motown, soul",Soul,0.9946,0.0308403584719374,positive,neutral,False,R&B/Soul,rule_based,,False,False,False,False,787,787,160,28,True,160,28,0.58125,0.0714285714285714,True,27
1965,1965-08-28,75,I Need You,The Impressions,"motown, soul, northern soul, doo-wop",Pop,-0.9848,0.3560606060606061,negative,positive,False,R&B/Soul,rule_based,,False,False,False,False,916,916,200,35,True,200,35,0.38,0.2571428571428571,True,26
1965,1965-08-28,76,Colours,Donovan,Fiction,Other,0.9943,0.6124999999999999,positive,positive,True,Folk,manual_override,Source returned a non-musical Fiction label.,False,False,False,False,687,686,142,25,True,142,25,0.30985915492957744,0.48,True,25
1965,1965-08-28,77,You've Got Your Troubles,The Fortunes,Christian,Christian,0.5552,0.2375,positive,positive,True,Christian,rule_based,,False,False,False,False,918,918,184,25,True,184,25,0.40217391304347827,0.36,True,24
1965,1965-08-28,78,Summer Wind,Wayne Newton,"adult standards, big band",Other,0.5975,0.0643939393939393,positive,positive,True,Jazz,rule_based,,False,False,False,False,619,619,120,14,True,120,14,0.6333333333333333,0.0,True,23
1965,1965-08-28,79,Do You Believe In Magic,The Lovin' Spoonful,folk rock,Rock,0.9872,0.3034832451499118,positive,positive,True,Rock,rule_based,,True,False,False,False,1354,1292,255,27,True,255,27,0.42745098039215684,0.07407407407407407,True,22
1965,1965-08-28,80,You Better Go,Derek Martin,northern soul,,,,,not_scored,False,R&B/Soul,rule_based,,False,False,False,False,0,0,0,0,False,0,0,0.0,0.0,False,21
1965,1965-08-28,81,Two Different Worlds,Lenny Welch,doo-wop,,,,,not_scored,False,Pop,rule_based,,False,False,False,False,0,0,0,0,False,0,0,0.0,0.0,False,20
1965,1965-08-28,82,With These Hands,Tom Jones,Pop,Pop,-0.6717,-0.0285714285714285,negative,neutral,False,Pop,rule_based,,False,False,False,False,307,307,65,10,True,65,10,0.676923076923077,0.0,True,19
1965,1965-08-28,83,I'm Yours,Elvis Presley,"rockabilly, rock and roll",Rock,0.987,0.0357575757575757,positive,neutral,False,Rock,rule_based,,False,False,False,False,662,662,135,24,True,135,24,0.43703703703703706,0.375,True,18
1965,1965-08-28,84,Is It Really Over?,Jim Reeves,christian country,Christian,0.8118,0.28125,positive,positive,True,Christian,rule_based,,False,False,False,False,424,424,86,9,True,86,9,0.5581395348837209,0.2222222222222222,True,17
1965,1965-08-28,85,Only Those In Love,Baby Washington,"northern soul, doo-wop",Pop,0.9892,0.2405539772727272,positive,positive,True,R&B/Soul,rule_based,,False,False,False,False,379,379,76,19,True,76,19,0.5657894736842105,0.1578947368421053,True,16
1965,1965-08-28,86,Mohair Sam,Charlie Rich,traditional country,Country,0.9534,0.204320987654321,positive,positive,True,Country,rule_based,,False,False,False,False,666,666,121,13,True,121,13,0.36363636363636365,0.6153846153846154,True,15
1965,1965-08-28,87,"Liar, Liar",The Castaways,"proto-punk, garage rock, northern soul",Rock,-0.9953,-0.144078947368421,negative,negative,True,R&B/Soul,rule_based,,False,False,False,False,776,776,161,22,True,161,22,0.546583850931677,0.18181818181818177,True,14
1965,1965-08-28,88,If You Wait For Love,Bobby Goldsboro,Country,Country,0.9867,0.16625,positive,positive,True,Country,rule_based,,False,False,False,False,1124,1123,242,39,True,242,39,0.2644628099173554,0.3589743589743589,True,13
1965,1965-08-28,89,Home Of The Brave,Jody Miller,traditional country,Country,0.9859,0.1791132478632479,positive,positive,True,Country,rule_based,,False,False,False,False,1042,1042,220,25,True,219,25,0.4200913242009132,0.28,True,12
1965,1965-08-28,90,Heartaches By The Number,Johnny Tillotson,doo-wop,Pop,0.6533,0.3,positive,positive,True,Pop,rule_based,,False,False,False,False,504,504,106,15,True,106,15,0.5943396226415094,0.0,True,11
1965,1965-08-28,91,Someone Is Watching,Solomon Burke,"soul, soul blues, motown",Soul,0.8792,0.2875,positive,positive,True,R&B/Soul,rule_based,,False,False,False,False,852,852,171,31,True,171,31,0.52046783625731,0.12903225806451613,True,10
1965,1965-08-28,92,I Want To (Do Everything For You),Joe Tex,"northern soul, soul",Soul,0.9997,0.4290254884004884,positive,positive,True,R&B/Soul,rule_based,,False,False,False,False,1507,1507,332,52,True,332,52,0.2891566265060241,0.32692307692307687,True,9
1965,1965-08-28,93,What Are We Going To Do?,David Jones,Rock,Rock,0.9967,0.3458333333333333,positive,positive,True,Rock,rule_based,,False,False,False,False,1183,1183,254,22,True,253,22,0.233201581027668,0.40909090909090906,True,8
1965,1965-08-28,94,Home Of The Brave,Bonnie & The Treasures,Pop,Pop,0.9096,0.0969982078853047,positive,positive,True,Pop,rule_based,,False,False,False,False,1394,1394,295,40,True,295,40,0.31864406779661014,0.275,True,7
1965,1965-08-28,95,Good Times,Gene Chandler,"doo-wop, northern soul",Pop,0.9859,0.2224999999999999,positive,positive,True,R&B/Soul,rule_based,,False,False,False,False,753,753,149,28,True,149,28,0.6442953020134228,0.1071428571428571,True,6
1965,1965-08-28,96,Can't Let You Out Of My Sight,Chuck Jackson & Maxine Brown,Pop,,,,,not_scored,False,Pop,rule_based,,False,False,False,False,0,0,0,0,False,0,0,0.0,0.0,False,5
1965,1965-08-28,97,Too Hot To Hold,Major Lance,"northern soul, motown, soul",Soul,0.9848,0.1392176870748299,positive,positive,True,R&B/Soul,rule_based,,False,False,False,False,1022,1022,225,46,True,224,46,0.45535714285714285,0.19565217391304346,True,4
1965,1965-08-28,98,The World Through A Tear,Neil Sedaka,"doo-wop, adult standards",Pop,-0.8675,-0.0688888888888888,negative,negative,True,Pop,rule_based,,False,False,False,False,517,517,108,26,True,108,26,0.46296296296296297,0.3846153846153846,True,3
1965,1965-08-28,99,High Heel Sneakers,Stevie Wonder,"motown, soul",Soul,0.9942,0.22,positive,positive,True,R&B/Soul,rule_based,,False,False,False,False,871,869,173,20,True,173,20,0.35260115606936415,0.09999999999999998,True,2
1965,1965-08-28,100,These Hands (Small But Mighty),Bobby Bland,"blues, soul blues, classic blues, soul",Soul,0.9836,0.175,positive,positive,True,R&B/Soul,rule_based,,False,False,False,False,681,681,137,17,True,134,17,0.47761194029850745,0.05882352941176472,True,1
1985,1985-08-24,1,The Power Of Love,Huey Lewis & The News,Rock,Rock,0.9977,0.12506105006105,positive,positive,True,Rock,rule_based,,False,False,False,False,1478,1477,298,40,True,298,40,0.35906040268456374,0.17500000000000004,True,100
1985,1985-08-24,2,St. Elmo's Fire (Man In Motion),John Parr,"french jazz, vocal jazz, bossa nova",Jazz,-0.9773,0.054054834054834,negative,positive,False,Rock,manual_override,Source returned an unrelated French-jazz profile.,True,False,False,False,1845,1790,371,58,True,371,58,0.33962264150943394,0.3275862068965517,True,99
1985,1985-08-24,3,Freeway Of Love,Aretha Franklin,"soul, motown, jazz blues",Soul,0.9998,0.2587864250177683,positive,positive,True,R&B/Soul,rule_based,,False,False,False,False,2293,1988,390,61,True,390,61,0.3153846153846154,0.39344262295081966,True,98
1985,1985-08-24,4,We Don't Need Another Hero (Thunderdome),Tina Turner,R&B/Soul,R&B,-0.7329,0.0699999999999999,negative,positive,False,R&B/Soul,rule_based,,False,False,False,False,964,964,190,32,True,190,32,0.47368421052631576,0.3125,True,97
1985,1985-08-24,5,Summer Of '69,Bryan Adams,Rock,Rock,0.9878,0.1477339181286549,positive,positive,True,Rock,rule_based,,False,False,False,False,1338,1338,277,47,True,271,47,0.44649446494464945,0.14893617021276595,True,96
1985,1985-08-24,6,Shout,Tears For Fears,"new wave, synthpop",Pop,0.9851,0.1921318447634237,positive,positive,True,Rock,rule_based,,False,False,False,False,2041,2039,418,67,True,418,67,0.17942583732057416,0.6567164179104478,True,95
1985,1985-08-24,7,Never Surrender,Corey Hart,synthpop,Pop,-0.9466,0.0519106407995296,negative,positive,False,Rock,rule_based,,False,False,False,False,1253,1253,246,39,True,246,39,0.2886178861788618,0.41025641025641024,True,94
1985,1985-08-24,8,Cherish,Kool & The Gang,"disco, funk",Disco,0.9998,0.3164842873176206,positive,positive,True,R&B/Soul,rule_based,,True,False,False,False,1569,1429,276,38,True,276,38,0.2572463768115942,0.42105263157894735,True,93
1985,1985-08-24,9,You're Only Human (Second Wind),Billy Joel,soft rock,Rock,0.9592,0.0300347222222222,positive,neutral,False,Rock,rule_based,,False,False,False,False,2139,2139,391,49,True,391,49,0.4373401534526854,0.08163265306122447,True,92
1985,1985-08-24,10,Money For Nothing,Dire Straits,classic rock,Rock,0.9985,0.3265151515151516,positive,positive,True,Rock,rule_based,,True,False,False,False,2913,2860,559,78,True,559,78,0.19320214669051877,0.3076923076923077,True,91
1985,1985-08-24,11,Don't Lose My Number,Phil Collins,soft rock,Rock,-0.9923,-0.0099906629318394,negative,neutral,False,Rock,rule_based,,True,False,False,False,2108,1985,383,49,True,383,49,0.25326370757180156,0.3877551020408163,True,90
1985,1985-08-24,12,Invincible (Theme From The Legend Of Billie Jean),Pat Benatar,album rock,Rock,-0.8638,0.1985714285714285,negative,positive,False,Rock,rule_based,,False,False,False,False,1335,1335,250,42,True,249,42,0.30522088353413657,0.45238095238095233,True,89
1985,1985-08-24,13,Pop Life,Prince And The Revolution,funk rock,Rock,-0.524,0.1902777777777778,negative,positive,False,R&B/Soul,rule_based,,False,False,False,False,1517,1517,301,39,True,301,39,0.33222591362126247,0.33333333333333337,True,88
1985,1985-08-24,14,Freedom,Wham!,christmas,Holiday,0.9968,0.0749743983614951,positive,positive,True,Pop,manual_override,Artist-level Christmas tag does not describe this song.,False,False,False,False,2244,2244,485,78,True,485,78,0.24742268041237114,0.39743589743589747,True,87
1985,1985-08-24,15,What About Love?,Heart,classic rock,Rock,0.9991,0.3421485260770974,positive,positive,True,Rock,rule_based,,True,False,False,False,1208,1086,209,38,True,209,38,0.3875598086124402,0.368421052631579,True,86
1985,1985-08-24,16,Dare Me,The Pointer Sisters,disco,Disco,0.9973,0.1804531490015361,positive,positive,True,Dance/Electronic,rule_based,,False,False,False,False,1782,1782,373,68,True,373,68,0.2975871313672922,0.2647058823529411,True,85
1985,1985-08-24,17,Smokin' In The Boys Room,Motley Crue,"glam metal, glam rock, hard rock",Rock,0.7615,0.2049382716049382,positive,positive,True,Metal,rule_based,,False,False,False,False,1742,1741,334,44,True,334,44,0.3562874251497006,0.25,True,84
1985,1985-08-24,18,If You Love Somebody Set Them Free,Sting,"hindi hip hop, desi hip hop, punjabi hip hop",Hip-Hop,0.9999,0.3955281986531979,positive,positive,True,Rock,manual_override,Source returned an unrelated Hindi hip-hop profile.,False,False,False,False,2474,2474,468,63,True,468,63,0.1987179487179487,0.3650793650793651,True,83
1985,1985-08-24,19,Everytime You Go Away,Paul Young,Pop,Pop,-0.3733,0.1125,negative,positive,False,Pop,rule_based,,False,False,False,False,1174,1174,253,38,True,253,38,0.3201581027667984,0.23684210526315785,True,82
1985,1985-08-24,20,Life In One Day,Howard Jones,"new wave, synthpop",Pop,0.96,0.1094098883572567,positive,positive,True,Rock,rule_based,,False,False,False,False,1197,1197,240,38,True,240,38,0.35833333333333334,0.42105263157894735,True,81
1985,1985-08-24,21,Who's Holding Donna Now,Debarge,quiet storm,Other,0.9016,0.2152930402930402,positive,positive,True,R&B/Soul,rule_based,,False,False,False,False,1370,1369,262,51,True,262,51,0.3435114503816794,0.4901960784313726,True,80
1985,1985-08-24,22,You Spin Me Round (Like A Record),Dead Or Alive,"hi-nrg, synthpop",Pop,0.9977,0.0291666666666666,positive,neutral,False,Rock,rule_based,,True,False,False,False,1954,1864,365,46,True,365,46,0.18082191780821918,0.5652173913043479,True,79
1985,1985-08-24,23,Dress You Up,Madonna,Pop,Pop,0.9997,0.4047785547785547,positive,positive,True,Pop,rule_based,,False,False,False,False,1703,1702,363,60,True,363,60,0.18457300275482094,0.65,True,78
1985,1985-08-24,24,Mystery Lady,Billy Ocean,Pop,Pop,0.9986,0.2399999999999999,positive,positive,True,Pop,rule_based,,False,False,False,False,2212,2212,437,49,True,437,49,0.2471395881006865,0.16326530612244894,True,77
1985,1985-08-24,25,Shame,The Motels,new wave,Other,-0.9988,-0.1723214285714285,negative,negative,True,Rock,rule_based,,False,False,False,False,973,973,205,42,True,205,42,0.3170731707317073,0.45238095238095233,True,76
1985,1985-08-24,26,Oh Sheila,Ready For The World,"new jack swing, quiet storm",R&B,0.9967,0.2771346469622331,positive,positive,True,R&B/Soul,rule_based,,False,False,False,False,1618,1618,351,62,True,351,62,0.2934472934472934,0.4032258064516129,True,75
1985,1985-08-24,27,There Must Be An Angel,Eurythmics,"new wave, synthpop",Pop,0.9337,0.0875,positive,positive,True,Rock,rule_based,,False,False,False,False,697,697,125,24,True,125,24,0.552,0.16666666666666663,True,74
1985,1985-08-24,28,Take On Me,a-ha,soft rock,Rock,-0.9144,-0.221875,negative,negative,True,Rock,rule_based,,False,False,False,False,890,889,197,37,True,197,37,0.3299492385786802,0.2432432432432432,True,73
1985,1985-08-24,29,Cry,Godley & Creme,Pop,Pop,-0.9883,0.1,negative,positive,False,Pop,rule_based,,False,False,False,False,774,774,166,32,True,166,32,0.25301204819277107,0.59375,True,72
1985,1985-08-24,30,Lonely Ol' Night,John Mellencamp,classic rock,Rock,-0.9616,-0.1267857142857143,negative,negative,True,Rock,rule_based,,False,False,False,False,1184,1184,244,36,True,244,36,0.36065573770491804,0.38888888888888884,True,71
1985,1985-08-24,31,Saving All My Love For You,Whitney Houston,Pop,Pop,0.9986,0.270999743983615,positive,positive,True,Pop,rule_based,,False,False,False,False,1103,1103,226,30,True,226,30,0.45132743362831856,0.1333333333333333,True,70
1985,1985-08-24,32,Glory Days,Bruce Springsteen,Rock,Rock,0.9997,-0.0110057471264367,positive,neutral,False,Rock,rule_based,,True,False,False,False,2408,2312,450,73,True,450,73,0.39555555555555555,0.17808219178082196,True,69
1985,1985-08-24,33,Rock Me Tonight,Freddie Jackson,"quiet storm, smooth soul",Soul,0.9875,0.2461219336219335,positive,positive,True,R&B/Soul,rule_based,,False,False,False,False,2466,2466,511,74,True,510,74,0.2647058823529412,0.16216216216216217,True,68
1985,1985-08-24,34,State Of the Heart,Rick Springfield,Rock,Rock,-0.311,-0.0473379629629629,negative,neutral,False,Rock,rule_based,,False,False,False,False,1040,1040,233,38,True,233,38,0.3218884120171674,0.42105263157894735,True,67
1985,1985-08-24,35,When Your Heart Is Weak,Cock Robin,Pop,Pop,0.9804,0.0764227318575144,positive,positive,True,Pop,rule_based,,False,False,False,False,1288,1288,263,45,True,263,45,0.4524714828897338,0.24444444444444446,True,66
1985,1985-08-24,36,Live Every Moment,REO Speedwagon,"soft rock, album rock, classic rock",Rock,0.9977,0.2578451178451179,positive,positive,True,Rock,rule_based,,False,False,False,False,1501,1501,297,59,True,297,59,0.32323232323232326,0.44067796610169496,True,65
1985,1985-08-24,37,Every Step Of The Way,John Waite,arena rock,Rock,0.7192,0.20527950310559,positive,positive,True,Rock,rule_based,,False,False,False,False,1393,1393,297,61,True,297,61,0.31986531986531985,0.4098360655737705,True,64
1985,1985-08-24,38,I Wonder If I Take You Home,Lisa Lisa And Cult Jam With Full Force,"freestyle, funk melody",Other,0.9979,0.2255255255255255,positive,positive,True,R&B/Soul,rule_based,,False,False,False,False,2834,2834,598,87,True,598,87,0.22742474916387959,0.31034482758620685,True,63
1985,1985-08-24,39,C-I-T-Y,John Cafferty & The Beaver Brown Band,Rock,Rock,0.9777,-0.129563492063492,positive,negative,False,Rock,rule_based,,False,False,False,False,1784,1784,416,68,True,415,68,0.27710843373493976,0.5294117647058824,True,62
1985,1985-08-24,40,No Lookin' Back,Michael McDonald,motown,Other,-0.9836,-0.018894042465471,negative,neutral,False,R&B/Soul,rule_based,,True,False,False,False,1171,1119,233,37,True,233,37,0.37339055793991416,0.18918918918918914,True,61
1985,1985-08-24,41,Do You Want Crying,Katrina And The Waves,Pop,Pop,-0.9932,-0.1085714285714286,negative,negative,True,Pop,rule_based,,True,False,False,False,908,908,186,42,True,186,42,0.26344086021505375,0.6666666666666667,True,60
1985,1985-08-24,42,Fortress Around Your Heart,Sting,"hindi hip hop, desi hip hop, punjabi hip hop",Hip-Hop,-0.9918,-0.0166666666666666,negative,neutral,False,Rock,manual_override,Source returned an unrelated Hindi hip-hop profile.,False,False,False,False,1545,1545,306,41,True,306,41,0.3888888888888889,0.3414634146341463,True,59
1985,1985-08-24,43,Spanish Eddie,Laura Branigan,Pop,Pop,0.6908,0.0396135265700483,positive,neutral,False,Pop,rule_based,,True,False,False,False,1676,1540,283,40,True,283,40,0.3321554770318021,0.42500000000000004,True,58
1985,1985-08-24,44,I Got You Babe,UB40,reggae,Other,0.9603,0.0111607142857142,positive,neutral,False,Other,rule_based,,False,False,False,False,981,981,213,32,True,213,32,0.431924882629108,0.15625,True,57
1985,1985-08-24,45,Get It On (Bang A Gong),The Power Station,Pop,Pop,0.9861,-0.0436274509803921,positive,neutral,False,Pop,rule_based,,False,False,False,False,1383,1382,310,44,True,310,44,0.1870967741935484,0.5,True,56
1985,1985-08-24,46,People Are People,Depeche Mode,"new wave, synthpop, darkwave",Pop,-0.8771,-0.4850529100529102,negative,negative,True,Rock,rule_based,,True,False,False,False,1735,1607,300,57,True,300,57,0.22,0.7192982456140351,True,55
1985,1985-08-24,47,Dancing In The Street,David Bowie & Mick Jagger,"glam rock, art rock",Rock,0.964,0.1239808802308802,positive,positive,True,Rock,rule_based,,True,False,False,False,1856,1855,334,46,True,333,46,0.35435435435435436,0.26086956521739135,True,54
1985,1985-08-24,48,Lovin' Every Minute Of It,Loverboy,Rock,Rock,0.991,0.263265306122449,positive,positive,True,Rock,rule_based,,False,False,False,False,1644,1644,336,67,True,336,67,0.2113095238095238,0.5970149253731343,True,53
1985,1985-08-24,49,Hangin' On A String,Loose Ends,"post-disco, new jack swing",R&B,0.8787,-0.1725,positive,negative,False,R&B/Soul,rule_based,,False,False,False,False,1625,1624,319,50,True,319,50,0.23824451410658307,0.36,True,52
1985,1985-08-24,50,You Give Good Love,Whitney Houston,Pop,Pop,0.9998,0.5496527777777778,positive,positive,True,Pop,rule_based,,True,False,False,False,1973,1861,378,51,True,378,51,0.20899470899470898,0.2549019607843137,True,51
1985,1985-08-24,51,And We Danced,Hooters,Rock,Rock,0.9959,0.2005291005291005,positive,positive,True,Rock,rule_based,,False,False,False,False,1603,1602,327,50,True,327,50,0.3363914373088685,0.36,True,50
1985,1985-08-24,52,Four In The Morning (I Can't Take Anymore),Night Ranger,"glam metal, album rock, arena rock, hard rock",,,,,not_scored,False,Metal,rule_based,,False,False,False,False,0,0,0,0,False,0,0,0.0,0.0,False,49
1985,1985-08-24,53,The Way You Do The Things You Do/My Girl,Daryl Hall  John Oates,soft rock,,,,,not_scored,False,Rock,rule_based,,False,False,False,False,0,0,0,0,False,0,0,0.0,0.0,False,48
1985,1985-08-24,54,First Night,Survivor,Rock,Rock,0.9954,0.2356349206349206,positive,positive,True,Rock,rule_based,,False,False,False,False,1764,1764,333,46,True,333,46,0.3333333333333333,0.4130434782608695,True,47
1985,1985-08-24,55,Wild And Crazy Love,Mary Jane Girls,post-disco,Disco,0.9969,-0.019187675070028,positive,neutral,False,Dance/Electronic,rule_based,,False,False,False,False,3011,3010,652,77,True,652,77,0.18865030674846625,0.4415584415584416,True,46
1985,1985-08-24,56,Be Near Me,ABC,Pop,Pop,0.9928,0.1402777777777777,positive,positive,True,Pop,rule_based,,False,False,False,False,927,927,187,42,True,187,42,0.32620320855614976,0.40476190476190477,True,45
1985,1985-08-24,57,Love And Pride,King,"hindi hip hop, desi hip hop, punjabi hip hop",Hip-Hop,0.9984,0.3069444444444444,positive,positive,True,Pop,manual_override,Source returned an unrelated Hindi hip-hop profile.,False,False,False,False,1400,1400,284,42,True,284,42,0.2852112676056338,0.47619047619047616,True,44
1985,1985-08-24,58,Down On Love,Foreigner,"album rock, classic rock",Rock,0.9993,0.1904825787638287,positive,positive,True,Rock,rule_based,,False,False,False,False,1293,1292,258,39,True,258,39,0.437984496124031,0.17948717948717952,True,43
1985,1985-08-24,59,Lay It Down,Ratt,"glam metal, glam rock, hard rock",Rock,0.9773,-0.0379396202925615,positive,neutral,False,Metal,rule_based,,False,False,False,False,1000,999,222,49,True,222,49,0.2702702702702703,0.5918367346938775,True,42
1985,1985-08-24,60,Sunset Grill,Don Henley,Rock,Rock,0.9151,-0.0059444444444444,positive,neutral,False,Rock,rule_based,,False,False,False,False,1272,1271,245,41,True,245,41,0.46122448979591835,0.31707317073170727,True,41
1985,1985-08-24,61,You Look Marvelous,Billy Crystal,Comedy,Other,0.9995,0.4107098765432099,positive,positive,True,Other,rule_based,,False,False,False,False,2764,2764,518,94,True,518,94,0.49034749034749037,0.03191489361702127,True,40
1985,1985-08-24,62,Tonight It's You,Cheap Trick,"power pop, album rock, classic rock, glam rock",Pop,0.9811,0.3234461966604823,positive,positive,True,Rock,rule_based,,False,False,False,False,1527,1527,310,44,True,310,44,0.22903225806451613,0.5454545454545454,True,39
1985,1985-08-24,63,Sentimental Street,Night Ranger,"glam metal, album rock, arena rock, hard rock",Rock,0.9795,-0.0422558922558922,positive,neutral,False,Metal,rule_based,,False,False,False,False,1687,1687,329,59,True,328,59,0.3567073170731707,0.3728813559322034,True,38
1985,1985-08-24,64,Jesse,Julian Lennon,Pop,Pop,-0.9433,0.0672727272727272,negative,positive,False,Pop,rule_based,,False,False,False,False,543,543,104,16,True,104,16,0.5576923076923077,0.0,True,37
1985,1985-08-24,65,Summertime Girls,Y&T,"rap, melodic rap, trap",Hip-Hop,0.8482,0.177124183006536,positive,positive,True,Rock,manual_override,Source returned an unrelated rap profile.,False,False,False,False,1216,1216,237,47,True,237,47,0.4092827004219409,0.2978723404255319,True,36
1985,1985-08-24,66,Looking Over My Shoulder,'Til Tuesday,new wave,Other,0.9062,0.0946969696969696,positive,positive,True,Rock,rule_based,,False,False,False,False,888,887,174,24,True,174,24,0.2988505747126437,0.5,True,35
1985,1985-08-24,67,Raspberry Beret,Prince And The Revolution,funk rock,Rock,-0.957,0.388105413105413,negative,positive,False,R&B/Soul,rule_based,,True,False,False,False,2069,1955,395,56,True,395,56,0.40253164556962023,0.1428571428571429,True,34
1985,1985-08-24,68,Dancin' In The Key Of Life,Steve Arrington,post-disco,Disco,0.976,0.234375,positive,positive,True,Dance/Electronic,rule_based,,False,False,False,False,1230,1230,246,54,True,246,54,0.4024390243902439,0.2777777777777778,True,33
1985,1985-08-24,69,Love Theme From St. Elmo's Fire (Instrumental),David Foster,christmas,,,,,not_scored,False,Other,rule_based,,False,False,False,False,0,0,0,0,False,0,0,0.0,0.0,False,32
1985,1985-08-24,70,I'll Be Around,What Is This,Rock,,,,,not_scored,False,Rock,rule_based,,False,False,False,False,0,0,0,0,False,0,0,0.0,0.0,False,31
1985,1985-08-24,71,A View To A Kill,Duran Duran,"new wave, synthpop",Pop,-0.9965,-0.0857142857142857,negative,negative,True,Rock,rule_based,,False,False,False,False,927,927,186,27,True,186,27,0.44086021505376344,0.40740740740740744,True,30
1985,1985-08-24,72,All Of Me For All Of You,9.9,Hip-Hop/Rap,Hip-Hop,0.9943,0.1533333333333333,positive,positive,True,Hip-Hop,rule_based,,False,False,False,False,1229,1227,265,59,True,265,59,0.35094339622641507,0.23728813559322037,True,29
1985,1985-08-24,73,Voices Carry,'Til Tuesday,new wave,Other,-0.8799,-0.1074074074074074,negative,negative,True,Rock,rule_based,,False,False,False,False,1089,1088,229,41,True,229,41,0.3799126637554585,0.36585365853658536,True,28
1985,1985-08-24,74,Wise Up,Amy Grant,"christmas, ccm, christian",Christian,0.9995,0.4766369047619045,positive,positive,True,Christian,rule_based,,False,False,False,False,1796,1796,361,67,True,361,67,0.26869806094182824,0.31343283582089554,True,27
1985,1985-08-24,75,Some People,Belouis Some,"synthpop, new wave",Pop,0.9956,0.4259259259259259,positive,positive,True,Rock,rule_based,,False,False,False,False,1047,1047,210,32,True,210,32,0.2857142857142857,0.5,True,26
1985,1985-08-24,76,You Wear It Well,El DeBarge With DeBarge,new jack swing,,,,,not_scored,False,R&B/Soul,rule_based,,False,False,False,False,0,0,0,0,False,0,0,0.0,0.0,False,25
1985,1985-08-24,77,Rebels,Tom Petty And The Heartbreakers,classic rock,Rock,-0.9745,-0.122037037037037,negative,negative,True,Rock,rule_based,,False,False,False,False,1280,1280,268,41,True,268,41,0.39552238805970147,0.36585365853658536,True,24
1985,1985-08-24,78,Stir It Up,Patti LaBelle,"philly soul, quiet storm",Soul,-0.9901,-0.1142592592592592,negative,negative,True,R&B/Soul,rule_based,,True,False,False,False,1677,1534,323,62,True,323,62,0.4086687306501548,0.4193548387096774,True,23
1985,1985-08-24,79,Forever,Kenny Loggins,Rock,Rock,-0.4215,0.095,negative,positive,False,Rock,rule_based,,False,False,False,False,758,758,158,31,True,158,31,0.5506329113924051,0.06451612903225812,True,22
1985,1985-08-24,80,Not Enough Love In The World,Don Henley,Rock,Rock,0.9712,0.1324585137085137,positive,positive,True,Rock,rule_based,,False,False,False,False,1451,1451,290,34,True,290,34,0.43103448275862066,0.32352941176470584,True,21
1985,1985-08-24,81,In And Out Of Love,Bon Jovi,"glam metal, rock",Rock,0.9992,0.3409216067379332,positive,positive,True,Metal,rule_based,,False,False,False,False,1447,1446,317,63,True,317,63,0.3280757097791798,0.5079365079365079,True,20
1985,1985-08-24,82,Power Of Love (You Are My Lady),Air Supply,soft rock,Rock,0.9809,0.206390977443609,positive,positive,True,Rock,rule_based,,False,False,False,False,1196,1196,236,47,True,236,47,0.4279661016949153,0.4042553191489362,True,19
1985,1985-08-24,83,The Search Is Over,Survivor,Rock,Rock,0.9893,0.1795454545454545,positive,positive,True,Rock,rule_based,,True,False,False,False,1498,1364,281,30,True,281,30,0.47330960854092524,0.19999999999999996,True,18
1985,1985-08-24,84,Running Back,Urgent,manele,Other,0.981,0.1638297872340425,positive,positive,True,Rock,manual_override,Source returned an unrelated manele profile.,False,False,False,False,932,932,166,41,True,166,41,0.20481927710843373,0.7560975609756098,True,17
1985,1985-08-24,85,19,Paul Hardcastle,"smooth jazz, jazz",Jazz,-0.9983,0.0890350877192982,negative,positive,False,Jazz,rule_based,,False,False,False,False,1656,1656,323,64,True,320,64,0.41875,0.234375,True,16
1985,1985-08-24,86,So In Love,Orchestral Manoeuvres In The Dark,"new wave, synthpop",Pop,0.9976,0.0422222222222222,positive,neutral,False,Rock,rule_based,,False,False,False,False,1091,1091,235,46,True,235,46,0.31063829787234043,0.4130434782608695,True,15
1985,1985-08-24,87,Information,Eric Martin,"album rock, arena rock",Rock,0.9727,-0.1087962962962963,positive,negative,False,Rock,rule_based,,False,False,False,False,1409,1409,272,54,True,269,54,0.2825278810408922,0.40740740740740744,True,14
1985,1985-08-24,88,Stand By Me,Maurice White,album rock,Rock,0.9604,-0.0118181818181818,positive,neutral,False,Rock,rule_based,,False,False,False,False,984,983,215,30,True,215,30,0.34418604651162793,0.09999999999999998,True,13
1985,1985-08-24,89,I Want My Girl,Jesse Johnson's Revue,,,,,,not_scored,False,R&B/Soul,manual_override,Missing source genre; broad category reviewed manually.,False,False,False,False,0,0,0,0,False,0,0,0.0,0.0,False,12
1985,1985-08-24,90,Test Of Time,The Romantics,power pop,Pop,-0.3658,-0.1147435897435897,negative,negative,True,Pop,rule_based,,False,False,False,False,1210,1210,262,35,True,262,35,0.3511450381679389,0.2571428571428571,True,11
1985,1985-08-24,91,Only For Love,Limahl,synthpop,Pop,0.9976,0.2012531328320801,positive,positive,True,Rock,rule_based,,False,False,False,False,868,868,165,28,True,165,28,0.49696969696969695,0.3928571428571429,True,10
1985,1985-08-24,92,Sussudio,Phil Collins,soft rock,Rock,0.9214,0.1714285714285714,positive,positive,True,Rock,rule_based,,False,False,False,False,1314,1313,293,44,True,293,44,0.2593856655290102,0.15909090909090906,True,9
1985,1985-08-24,93,Weird Science,Oingo Boingo,new wave,Other,0.9838,-0.2270089285714286,positive,negative,False,Rock,rule_based,,True,False,False,False,3136,2991,507,113,True,507,113,0.1794871794871795,0.37168141592920356,True,8
1985,1985-08-24,94,Through the Fire,Chaka Khan,R&B/Soul,R&B,-0.9455,0.2067287784679088,negative,positive,False,R&B/Soul,rule_based,,False,False,False,False,1774,1774,350,56,True,350,56,0.2742857142857143,0.4285714285714286,True,7
1985,1985-08-24,95,Just As I Am,Air Supply,soft rock,Rock,0.9986,0.3488636363636364,positive,positive,True,Rock,rule_based,,False,False,False,False,990,990,228,41,True,228,41,0.30701754385964913,0.41463414634146345,True,6
1985,1985-08-24,96,Find A Way,Amy Grant,"christmas, ccm, christian",Christian,0.9993,0.1961111111111111,positive,positive,True,Christian,rule_based,,False,False,False,False,1540,1540,332,61,True,332,61,0.28313253012048195,0.4918032786885246,True,5
1985,1985-08-24,97,It's Getting Late,The Beach Boys,baroque pop,Pop,0.9672,-0.0725173611111111,positive,negative,False,Pop,rule_based,,False,False,False,False,1347,1347,256,48,True,256,48,0.3984375,0.29166666666666663,True,4
1985,1985-08-24,98,Would I Lie To You?,Eurythmics,"new wave, synthpop",Pop,-0.9646,-0.05,negative,negative,True,Rock,rule_based,,False,False,False,False,1243,1243,252,41,True,252,41,0.24206349206349206,0.3902439024390244,True,3
1985,1985-08-24,99,Your Love Is King,Sade,"mariachi, música mexicana",Other,0.9978,0.2509615384615384,positive,positive,True,R&B/Soul,manual_override,Source returned an unrelated mariachi profile.,False,False,False,False,1364,1364,275,44,True,275,44,0.20363636363636364,0.5,True,2
1985,1985-08-24,100,Call Me,Go West,"mexican hip hop, g-funk, latin hip hop",Hip-Hop,-0.7695,0.1013888888888888,negative,positive,False,Pop,manual_override,Source returned an unrelated Mexican hip-hop profile.,False,False,False,False,1319,1319,264,47,True,264,47,0.3787878787878788,0.25531914893617025,True,1
2005,2005-08-27,1,We Belong Together,Mariah Carey,christmas,Holiday,-0.9733,0.0209994462901439,negative,neutral,False,R&B/Soul,manual_override,Artist-level Christmas tag does not describe this song.,True,False,False,False,2647,2543,491,59,True,491,59,0.3340122199592668,0.15254237288135597,True,100
2005,2005-08-27,2,Don't Cha,The Pussycat Dolls Featuring Busta Rhymes,Pop,Pop,0.9987,0.1450827384421135,positive,positive,True,Pop,rule_based,,True,False,False,False,3338,3279,646,75,True,645,75,0.3457364341085271,0.09333333333333338,True,99
2005,2005-08-27,3,Pon de Replay,Rihanna,Pop,Pop,0.981,0.2340354090354089,positive,positive,True,Pop,rule_based,,True,False,False,False,3287,2892,594,74,True,594,74,0.1750841750841751,0.5,True,98
2005,2005-08-27,4,Let Me Hold You,Bow Wow Featuring Omarion,r&b,R&B,0.1015,0.0747539682539682,positive,positive,True,R&B/Soul,rule_based,,True,False,False,False,3497,3420,728,86,True,728,86,0.2651098901098901,0.313953488372093,True,97
2005,2005-08-27,5,You And Me,Lifehouse,post-grunge,Rock,0.9161,0.1275545634920635,positive,positive,True,Alternative,rule_based,,True,False,False,False,1275,1164,246,30,True,246,30,0.3089430894308943,0.4,True,96
2005,2005-08-27,6,Shake It Off,Mariah Carey,christmas,Holiday,0.9809,0.2255952380952381,positive,positive,True,R&B/Soul,manual_override,Artist-level Christmas tag does not describe this song.,False,False,False,False,3705,3705,717,71,True,717,71,0.22733612273361228,0.2816901408450704,True,95
2005,2005-08-27,7,Behind These Hazel Eyes,Kelly Clarkson,christmas,Holiday,-0.9934,-0.1647392290249432,negative,negative,True,Pop,manual_override,Artist-level Christmas tag does not describe this song.,False,False,False,False,1426,1426,289,55,True,289,55,0.3356401384083045,0.4363636363636364,True,94
2005,2005-08-27,8,Listen To Your Heart,D.H.T.,Dance,Dance,0.9811,0.2803571428571428,positive,positive,True,Dance/Electronic,rule_based,,False,False,False,False,1185,1183,227,43,True,225,43,0.3288888888888889,0.5348837209302326,True,93
2005,2005-08-27,9,Lose Control,Missy Elliott Featuring Ciara & Fat Man Scoop,hip hop,Hip-Hop,0.9943,0.0694062881562881,positive,positive,True,Hip-Hop,rule_based,,False,False,False,False,4053,4053,782,100,True,782,100,0.24808184143222506,0.19999999999999996,True,92
2005,2005-08-27,10,Pimpin' All Over The World,Ludacris Featuring Bobby Valentino,southern hip hop,Hip-Hop,0.9981,0.1386045520136428,positive,positive,True,Hip-Hop,rule_based,,False,False,False,False,4812,4812,958,118,True,957,118,0.367816091954023,0.23728813559322037,True,91
2005,2005-08-27,11,Hollaback Girl,Gwen Stefani,Pop,Pop,-0.9987,-0.1444150499706056,negative,negative,True,Pop,rule_based,,True,False,False,False,2462,2444,503,74,True,503,74,0.20079522862823063,0.6486486486486487,True,90
2005,2005-08-27,12,Like You,Bow Wow Featuring Ciara,r&b,R&B,0.9982,0.1931766431766431,positive,positive,True,R&B/Soul,rule_based,,False,False,False,False,3102,3102,660,65,True,660,65,0.2772727272727273,0.29230769230769227,True,89
2005,2005-08-27,13,Get It Poppin',Fat Joe Featuring Nelly,east coast hip hop,Hip-Hop,-0.9818,-0.2522959183673469,negative,negative,True,Hip-Hop,rule_based,,False,False,False,False,3346,3346,694,73,True,694,73,0.30979827089337175,0.20547945205479456,True,88
2005,2005-08-27,14,Beverly Hills,Weezer,alternative rock,Rock,0.9842,0.2065530303030303,positive,positive,True,Alternative,rule_based,,True,False,False,False,1620,1520,277,47,True,277,47,0.4151624548736462,0.3191489361702128,True,87
2005,2005-08-27,15,Feel Good Inc,Gorillaz,Alternative,Alternative,0.9991,0.4047741566609489,positive,positive,True,Alternative,rule_based,,True,False,False,False,2690,2551,516,68,True,516,68,0.2810077519379845,0.38235294117647056,True,86
2005,2005-08-27,16,Don't Phunk With My Heart,The Black Eyed Peas,Pop,,,,,not_scored,False,Pop,rule_based,,False,False,False,False,0,0,0,0,False,0,0,0.0,0.0,False,85
2005,2005-08-27,17,Cater 2 U,Destiny's Child,Pop,Pop,0.994,0.1428835978835979,positive,positive,True,Pop,rule_based,,True,False,False,False,3776,3686,748,78,True,748,78,0.2620320855614973,0.1282051282051282,True,84
2005,2005-08-27,18,These Words,Natasha Bedingfield,Pop,Pop,0.9999,0.3856737497866531,positive,positive,True,Pop,rule_based,,False,False,False,False,2447,2447,509,70,True,509,70,0.26129666011787817,0.18571428571428572,True,83
2005,2005-08-27,19,Cool,Gwen Stefani,Pop,Pop,0.9909,0.216409632034632,positive,positive,True,Pop,rule_based,,True,False,False,False,1072,1011,203,33,True,203,33,0.4975369458128079,0.18181818181818177,True,82
2005,2005-08-27,20,"Sugar, We're Goin' Down",Fall Out Boy,"emo, pop punk, emo pop",Pop,-0.9729,-0.1801932367149757,negative,negative,True,Alternative,rule_based,,False,False,False,False,2167,1872,365,47,True,365,47,0.2054794520547945,0.5319148936170213,True,81
2005,2005-08-27,21,Just The Girl,The Click Five,Pop,Pop,-0.9218,0.054,negative,positive,False,Pop,rule_based,,False,False,False,False,1704,1704,345,64,True,345,64,0.30434782608695654,0.421875,True,80
2005,2005-08-27,22,Holiday,Green Day,"punk, pop punk",Pop,-0.982,-0.0756172839506172,negative,negative,True,Alternative,rule_based,,False,False,False,False,1330,1329,257,38,True,257,38,0.4708171206225681,0.1842105263157895,True,79
2005,2005-08-27,23,Scars,Papa Roach,"nu metal, rap metal, alternative metal, rap rock, rock",Hip-Hop,-0.7124,-0.0421296296296296,negative,neutral,False,Hip-Hop,rule_based,,False,False,False,False,1728,1728,369,52,True,369,52,0.25203252032520324,0.34615384615384615,True,78
2005,2005-08-27,24,Grind With Me,Pretty Ricky,r&b,R&B,0.9989,-0.0532519332519332,positive,negative,False,R&B/Soul,rule_based,,False,False,False,False,3550,3550,703,90,True,703,90,0.27453769559032715,0.3111111111111111,True,77
2005,2005-08-27,25,Best Of You,Foo Fighters,"rock, post-grunge, alternative rock, grunge, modern rock",Rock,0.9997,0.7182570459843188,positive,positive,True,Alternative,rule_based,,False,False,False,False,1654,1654,328,60,True,328,60,0.28353658536585363,0.4666666666666667,True,76
2005,2005-08-27,26,Play,David Banner,"southern hip hop, crunk",Hip-Hop,0.9812,-0.008586860670194,positive,neutral,False,Hip-Hop,rule_based,,False,False,False,False,3066,3066,637,100,True,634,100,0.2634069400630915,0.51,True,75
2005,2005-08-27,27,Back Then,Mike Jones,"southern hip hop, crunk",Hip-Hop,-0.9543,0.0788163163163163,negative,positive,False,Hip-Hop,rule_based,,True,False,False,False,4832,4777,1037,81,True,1034,81,0.17311411992263057,0.5308641975308642,True,74
2005,2005-08-27,28,Since U Been Gone,Kelly Clarkson,christmas,Holiday,0.9971,0.16875,positive,positive,True,Pop,manual_override,Artist-level Christmas tag does not describe this song.,True,False,False,False,1441,1324,280,47,True,280,47,0.29642857142857143,0.4042553191489362,True,73
2005,2005-08-27,29,Mississippi Girl,Faith Hill,country,Country,0.9934,-0.0381578947368421,positive,neutral,False,Country,rule_based,,False,False,False,False,1440,1439,265,40,True,265,40,0.3622641509433962,0.32499999999999996,True,72
2005,2005-08-27,30,Gold Digger,Kanye West Featuring Jamie Foxx,rap,Hip-Hop,0.8997,-0.0104828042328042,positive,neutral,False,Hip-Hop,rule_based,,True,False,False,False,3800,3787,761,79,True,761,79,0.2996057818659658,0.2911392405063291,True,71
2005,2005-08-27,31,Don't Lie,The Black Eyed Peas,Pop,,,,,not_scored,False,Pop,rule_based,,False,False,False,False,0,0,0,0,False,0,0,0.0,0.0,False,70
2005,2005-08-27,32,As Good As I Once Was,Toby Keith,country,Country,-0.7645,0.1761385109599395,negative,positive,False,Country,rule_based,,False,False,False,False,1624,1624,359,48,True,359,48,0.4818941504178273,0.1875,True,69
2005,2005-08-27,33,Speed Of Sound,Coldplay,Alternative,Alternative,-0.0644,0.1923809523809523,negative,positive,False,Alternative,rule_based,,True,False,False,False,1700,1577,315,47,True,315,47,0.3619047619047619,0.19148936170212771,True,68
2005,2005-08-27,34,Just A Lil Bit,50 Cent,east coast hip hop,Hip-Hop,0.8574,0.0144619666048237,positive,neutral,False,Hip-Hop,rule_based,,True,False,False,False,3083,3047,675,75,True,674,75,0.2922848664688427,0.31999999999999995,True,67
2005,2005-08-27,35,Make Her Feel Good,Teairra Mari,R&B/Soul,R&B,0.937,0.2285539215686274,positive,positive,True,R&B/Soul,rule_based,,False,False,False,False,2920,2920,629,73,True,628,73,0.21815286624203822,0.1643835616438356,True,66
2005,2005-08-27,36,Switch,Will Smith,Hip-Hop/Rap,Hip-Hop,0.9421,0.054494227994228,positive,positive,True,Hip-Hop,rule_based,,False,False,False,False,2729,2729,567,101,True,567,101,0.31393298059964725,0.49504950495049505,True,65
2005,2005-08-27,37,Mr. Brightside,The Killers,alternative rock,Rock,0.5343,-0.0852733686067019,positive,negative,False,Alternative,rule_based,,False,False,False,False,1415,1413,285,46,True,285,46,0.3298245614035088,0.4347826086956522,True,64
2005,2005-08-27,38,Lonely No More,Rob Thomas,Pop,Pop,0.9982,0.0190104166666666,positive,neutral,False,Pop,rule_based,,False,False,False,False,1988,1988,417,65,True,417,65,0.24700239808153476,0.49230769230769234,True,63
2005,2005-08-27,39,Something More,Sugarland,country,Country,0.9903,0.1661011904761904,positive,positive,True,Country,rule_based,,False,False,False,False,1625,1625,318,48,True,316,48,0.3860759493670886,0.3125,True,62
2005,2005-08-27,40,Badd,Ying Yang Twins Featuring Mike Jones & Mr. ColliPark,"crunk, southern hip hop",Hip-Hop,-0.9989,0.1051665110488639,negative,positive,False,Hip-Hop,rule_based,,False,False,False,False,3881,3879,804,92,True,803,92,0.30884184308841844,0.26086956521739135,True,61
2005,2005-08-27,41,Oh,Ciara Featuring Ludacris,R&B/Soul,R&B,0.25,-0.0098905723905724,positive,neutral,False,R&B/Soul,rule_based,,False,False,False,False,2777,2777,523,67,True,523,67,0.39579349904397704,0.14925373134328357,True,60
2005,2005-08-27,42,La Tortura,Shakira Feat. Alejandro Sanz,latin pop,Pop,-0.91,0.25,negative,positive,False,Latin,rule_based,,True,False,False,False,1861,1844,391,56,True,362,56,0.3453038674033149,0.2678571428571429,True,59
2005,2005-08-27,43,Collide,Howie Day,Rock,Rock,-0.3453,0.1066666666666666,negative,positive,False,Rock,rule_based,,False,False,False,False,1300,1300,277,43,True,277,43,0.2743682310469314,0.4418604651162791,True,58
2005,2005-08-27,44,Outta Control (Remix),50 Cent Feat. Mobb Deep,east coast hip hop,Hip-Hop,0.9481,0.0226942898371469,positive,neutral,False,Hip-Hop,rule_based,,True,False,False,False,3441,3413,705,76,True,703,76,0.3968705547652916,0.23684210526315785,True,57
2005,2005-08-27,45,Let Me Go,3 Doors Down,post-grunge,Rock,0.9982,0.3324404761904762,positive,positive,True,Alternative,rule_based,,False,False,False,False,1394,1394,311,44,True,311,44,0.27009646302250806,0.36363636363636365,True,56
2005,2005-08-27,46,Must Be Nice,Lyfe Jennings,r&b,R&B,0.9937,0.3417748917748917,positive,positive,True,R&B/Soul,rule_based,,False,False,False,False,2571,2571,481,59,True,481,59,0.3201663201663202,0.288135593220339,True,55
2005,2005-08-27,47,How To Deal,Frankie J,R&B/Soul,R&B,0.9739,0.0757575757575757,positive,positive,True,R&B/Soul,rule_based,,False,False,False,False,2466,2466,526,68,True,526,68,0.20912547528517111,0.4117647058823529,True,54
2005,2005-08-27,48,Free Yourself,Fantasia,r&b,R&B,0.9716,0.2037037037037038,positive,positive,True,R&B/Soul,rule_based,,True,False,False,False,3123,3040,635,96,True,635,96,0.16535433070866143,0.5625,True,53
2005,2005-08-27,49,Wake Me Up When September Ends,Green Day,"punk, pop punk",Pop,0.8375,0.2583333333333333,positive,positive,True,Alternative,rule_based,,True,False,False,False,1037,940,181,34,True,181,34,0.30386740331491713,0.5882352941176471,True,52
2005,2005-08-27,50,Summer Nights,Lil Rob,"mexican hip hop, latin hip hop, g-funk",Hip-Hop,0.996,0.2344494047619047,positive,positive,True,Latin,rule_based,,False,False,False,False,3831,3831,743,89,True,738,89,0.35501355013550134,0.2808988764044944,True,51
2005,2005-08-27,51,These Boots Are Made For Walkin',Jessica Simpson,Pop,Pop,0.9875,0.2218880534670008,positive,positive,True,Pop,rule_based,,False,False,False,False,2164,2164,423,61,True,423,61,0.3829787234042553,0.2295081967213115,True,50
2005,2005-08-27,52,A Real Fine Place To Start,Sara Evans,"country, christian country",Christian,0.9663,0.2809682539682539,positive,positive,True,Christian,rule_based,,False,False,False,False,1100,1098,198,35,True,198,35,0.5303030303030303,0.08571428571428574,True,49
2005,2005-08-27,53,Breathe (2 AM),Anna Nalick,Pop,Pop,0.793,0.0628851540616246,positive,positive,True,Pop,rule_based,,False,False,False,False,1822,1822,355,50,True,353,50,0.4702549575070821,0.33999999999999997,True,48
2005,2005-08-27,54,Give Me That,Webbie Featuring Bun B,"southern hip hop, crunk",Hip-Hop,0.8684,-0.0423880022094307,positive,neutral,False,Hip-Hop,rule_based,,False,False,False,False,3147,3147,663,82,True,663,82,0.38461538461538464,0.13414634146341464,True,47
2005,2005-08-27,55,Right Here,Staind,Hard Rock,Rock,-0.2741,0.2617647058823529,negative,positive,False,Rock,rule_based,,False,False,False,False,1378,1378,280,43,True,280,43,0.3,0.37209302325581395,True,46
2005,2005-08-27,56,This Is How A Heart Breaks,Rob Thomas,Pop,Pop,0.9852,-0.0144480519480519,positive,neutral,False,Pop,rule_based,,False,False,False,False,2253,2252,497,85,True,497,85,0.23943661971830985,0.5058823529411764,True,45
2005,2005-08-27,57,Seasons Of Love,Cast Of Rent,musicals,Other,0.9987,0.4782608695652174,positive,positive,True,Other,rule_based,,False,False,False,False,956,956,185,34,True,171,34,0.39766081871345027,0.32352941176470584,True,44
2005,2005-08-27,58,Your Body,Pretty Ricky,r&b,R&B,0.999,0.0499529456051195,positive,neutral,False,R&B/Soul,rule_based,,False,False,False,False,3688,3688,764,86,True,760,86,0.3013157894736842,0.34883720930232553,True,43
2005,2005-08-27,59,My Humps,The Black Eyed Peas,Pop,,,,,not_scored,False,Pop,rule_based,,False,False,False,False,0,0,0,0,False,0,0,0.0,0.0,False,42
2005,2005-08-27,60,Fast Cars And Freedom,Rascal Flatts,country,Country,0.9963,0.0659183673469387,positive,positive,True,Country,rule_based,,False,False,False,False,1522,1521,310,39,True,310,39,0.33548387096774196,0.3846153846153846,True,41
2005,2005-08-27,61,Chariot,Gavin DeGraw,Pop,Pop,0.9915,0.2074074074074074,positive,positive,True,Pop,rule_based,,True,False,False,False,1396,1297,236,48,True,236,48,0.4576271186440678,0.35416666666666663,True,40
2005,2005-08-27,62,Do You Want Fries With That,Tim McGraw,country,Country,0.9918,0.0598708983324367,positive,positive,True,Country,rule_based,,False,False,False,False,1436,1436,301,47,True,301,47,0.4219269102990033,0.23404255319148937,True,39
2005,2005-08-27,63,Inside Your Heaven,Carrie Underwood,country,Country,0.9722,0.1481962481962482,positive,positive,True,Country,rule_based,,False,False,False,False,1399,1399,282,42,True,282,42,0.3120567375886525,0.40476190476190477,True,38
2005,2005-08-27,64,Gotta Getcha,Jermaine Dupri,southern hip hop,Hip-Hop,0.9665,0.0337851037851037,positive,neutral,False,Hip-Hop,rule_based,,False,False,False,False,2173,2173,428,57,True,428,57,0.3878504672897196,0.29824561403508776,True,37
2005,2005-08-27,65,Incomplete,Backstreet Boys,Pop,Pop,0.6313,-0.0569940476190476,positive,negative,False,Pop,rule_based,,True,False,False,False,1101,982,210,30,True,210,30,0.3761904761904762,0.33333333333333337,True,36
2005,2005-08-27,66,Alcohol,Brad Paisley,country,Country,0.9749,0.1548347107438016,positive,positive,True,Country,rule_based,,False,False,False,False,1641,1641,323,62,True,323,62,0.3622291021671827,0.4354838709677419,True,35
2005,2005-08-27,67,And Then What,Young Jeezy Featuring Mannie Fresh,Hip-Hop/Rap,Hip-Hop,0.975,0.1848835578002244,positive,positive,True,Hip-Hop,rule_based,,True,False,False,False,3415,3300,666,66,True,658,66,0.33586626139817627,0.28787878787878785,True,34
2005,2005-08-27,68,Tell Me,Bobby Valentino,r&b,R&B,-0.9185,0.1545918367346939,negative,positive,False,R&B/Soul,rule_based,,True,False,False,False,2389,2249,465,71,True,465,71,0.3204301075268817,0.43661971830985913,True,33
2005,2005-08-27,69,So Seductive,Tony Yayo Featuring 50 Cent,"hip hop, east coast hip hop",Hip-Hop,0.9278,0.0388176186956674,positive,neutral,False,Hip-Hop,rule_based,,False,False,False,False,3246,3246,681,82,True,676,82,0.3742603550295858,0.24390243902439024,True,32
2005,2005-08-27,70,Play Something Country,Brooks & Dunn,"country, acoustic country",Country,0.9911,-0.0297839506172839,positive,neutral,False,Country,rule_based,,False,False,False,False,1421,1421,266,35,True,266,35,0.40977443609022557,0.37142857142857144,True,31
2005,2005-08-27,71,Welcome To Jamrock,"Damian ""Jr. Gong"" Marley","reggae, ragga, roots reggae, dancehall",Dance,-0.5656,0.2256188586545729,negative,positive,False,Dance/Electronic,rule_based,,True,False,False,False,2353,2286,446,69,True,446,69,0.484304932735426,0.18840579710144922,True,30
2005,2005-08-27,72,Axel F,Crazy Frog,Dance,Dance,-0.9081,-0.4428571428571429,negative,negative,True,Dance/Electronic,rule_based,,True,False,False,False,1248,1198,257,51,True,257,51,0.1245136186770428,0.6666666666666667,True,29
2005,2005-08-27,73,Helena (So Long & Goodnight),My Chemical Romance,"emo, pop punk, emo pop",Pop,0.8884,0.0088235294117647,positive,neutral,False,Alternative,rule_based,,False,False,False,False,748,746,144,19,True,143,19,0.5454545454545454,0.10526315789473684,True,28
2005,2005-08-27,74,Help Somebody,Van Zant,"southern rock, album rock, arena rock, country rock",Rock,0.8593,0.1344235509860509,positive,positive,True,Rock,rule_based,,False,False,False,False,1724,1724,333,46,True,332,46,0.5120481927710844,0.17391304347826086,True,27
2005,2005-08-27,75,Untitled (How Can This Happen To Me?),Simple Plan,"pop punk, punk, emo",,,,,not_scored,False,Alternative,rule_based,,False,False,False,False,0,0,0,0,False,0,0,0.0,0.0,False,26
2005,2005-08-27,76,Don't Worry 'Bout A Thing,SHeDAISY,Country,Country,0.9908,0.2402350427350427,positive,positive,True,Country,rule_based,,False,False,False,False,2202,2202,396,66,True,396,66,0.3181818181818182,0.4242424242424242,True,25
2005,2005-08-27,77,Making Memories Of Us,Keith Urban,country,Country,0.9962,0.0462566844919786,positive,neutral,False,Country,rule_based,,False,False,False,False,1155,1155,238,42,True,238,42,0.44537815126050423,0.26190476190476186,True,24
2005,2005-08-27,78,Charlie Last Name: Wilson,Charlie Wilson,sexy drill,Other,0.9986,0.3063869211596484,positive,positive,True,R&B/Soul,manual_override,Source returned an unrelated drill profile.,False,False,False,False,3269,3269,660,80,True,659,80,0.24279210925644917,0.09999999999999998,True,23
2005,2005-08-27,79,Belly Dancer (Bananza),Akon,Hip-Hop/Rap,Hip-Hop,0.9889,-0.1362251984126984,positive,negative,False,Hip-Hop,rule_based,,False,False,False,False,3306,3306,667,93,True,667,93,0.280359820089955,0.4946236559139785,True,22
2005,2005-08-27,80,Dirty Little Secret,The All-American Rejects,"pop punk, emo, emo pop",Pop,-0.9961,-0.32454974271012,negative,negative,True,Alternative,rule_based,,False,False,False,False,1440,1440,272,38,True,272,38,0.3088235294117647,0.39473684210526316,True,21
2005,2005-08-27,81,B.Y.O.B.,System Of A Down,"nu metal, metal, alternative metal, rap metal, rock",Hip-Hop,-0.9889,-0.090530303030303,negative,negative,True,Hip-Hop,rule_based,,True,False,False,False,2220,2141,393,46,True,393,46,0.23918575063613232,0.4565217391304348,True,20
2005,2005-08-27,82,Redneck Yacht Club,Craig Morgan,"country, acoustic country",Country,0.969,0.1084126984126984,positive,positive,True,Country,rule_based,,False,False,False,False,1839,1839,354,48,True,352,48,0.375,0.41666666666666663,True,19
2005,2005-08-27,83,Dem Boyz,Boyz N Da Hood,"southern hip hop, crunk",Hip-Hop,-0.9847,-0.045026455026455,negative,neutral,False,Hip-Hop,rule_based,,False,False,False,False,3760,3760,746,89,True,740,89,0.35135135135135137,0.2471910112359551,True,18
2005,2005-08-27,84,Something To Be Proud Of,Montgomery Gentry,"country, acoustic country",Country,0.9941,0.2654647405734363,positive,positive,True,Country,rule_based,,False,False,False,False,2281,2281,465,57,True,465,57,0.46236559139784944,0.26315789473684215,True,17
2005,2005-08-27,85,Somebody's Hero,Jamie O'Neal,Country,Country,0.9975,0.0980935127674258,positive,positive,True,Country,rule_based,,False,False,False,False,1536,1536,299,48,True,299,48,0.5250836120401338,0.14583333333333337,True,16
2005,2005-08-27,86,Diamonds From Sierra Leone,Kanye West,rap,Hip-Hop,0.9287,0.1118763695152584,positive,positive,True,Hip-Hop,rule_based,,True,False,False,False,3809,3689,694,80,True,694,80,0.4423631123919308,0.17500000000000004,True,15
2005,2005-08-27,87,All Jacked Up,Gretchen Wilson,country,Country,-0.4063,0.1077380952380952,negative,positive,False,Country,rule_based,,False,False,False,False,1808,1512,311,57,True,309,57,0.42394822006472493,0.29824561403508776,True,14
2005,2005-08-27,88,Stay With Me (Brass Bed),Josh Gracin,"country, acoustic country",,,,,not_scored,False,Country,rule_based,,False,False,False,False,0,0,0,0,False,0,0,0.0,0.0,False,13
2005,2005-08-27,89,Naked,Marques Houston,r&b,R&B,0.9927,0.112389770723104,positive,positive,True,R&B/Soul,rule_based,,False,False,False,False,2059,2059,420,49,True,420,49,0.3738095238095238,0.12244897959183676,True,12
2005,2005-08-27,90,Nada Es Para Siempre,Luis Fonsi,latin,Latin,0.7351,0.0,positive,neutral,False,Latin,rule_based,,False,False,False,False,981,981,190,34,True,171,34,0.36257309941520466,0.3529411764705882,True,11
2005,2005-08-27,91,Dreams,The Game,"west coast hip hop, gangster rap",Hip-Hop,0.9985,0.1231884057971014,positive,positive,True,Hip-Hop,rule_based,,True,False,False,False,3974,3808,733,92,True,724,92,0.42679558011049723,0.25,True,10
2005,2005-08-27,92,Run It!,Chris Brown,r&b,R&B,0.9982,0.0552542621987066,positive,positive,True,R&B/Soul,rule_based,,False,False,False,False,3748,3748,780,91,True,780,91,0.26282051282051283,0.10989010989010994,True,9
2005,2005-08-27,93,Playa's Only,R. Kelly Featuring The Game,R&B/Soul,R&B,-0.961,-0.082185746352413,negative,negative,True,R&B/Soul,rule_based,,False,False,False,False,3682,3682,730,98,True,728,98,0.34615384615384615,0.29591836734693877,True,8
2005,2005-08-27,94,Hicktown,Jason Aldean,"country, acoustic country",Country,0.9949,-0.049053724053724,positive,neutral,False,Country,rule_based,,True,False,False,False,2004,1879,381,58,True,381,58,0.34120734908136485,0.4137931034482759,True,7
2005,2005-08-27,95,All These Things That I've Done,The Killers,alternative rock,Rock,0.9768,-0.0066666666666666,positive,neutral,False,Alternative,rule_based,,False,False,False,False,1888,1888,386,53,True,386,53,0.27202072538860106,0.4339622641509434,True,6
2005,2005-08-27,96,Georgia Rain,Trisha Yearwood,country,Country,0.886,0.15,positive,positive,True,Country,rule_based,,False,False,False,False,1432,1432,284,50,True,284,50,0.4788732394366197,0.26,True,5
2005,2005-08-27,97,I Can't Stop Loving You,Kem,"neo soul, quiet storm, smooth r&b",R&B,0.9893,0.2878787878787879,positive,positive,True,R&B/Soul,rule_based,,False,False,False,False,1817,1817,381,65,True,381,65,0.2677165354330709,0.18461538461538463,True,4
2005,2005-08-27,98,Sittin' Sidewayz,Paul Wall Featuring Big Pokey,"southern hip hop, crunk",Hip-Hop,-0.975,-0.0790178571428571,negative,negative,True,Hip-Hop,rule_based,,False,False,False,False,3615,3615,699,76,True,696,76,0.3936781609195402,0.3157894736842105,True,3
2005,2005-08-27,99,Gotta Make It,Trey Songz Featuring Twista,r&b,R&B,0.995,0.2543386243386243,positive,positive,True,R&B/Soul,rule_based,,False,False,False,False,3369,3149,670,68,True,670,68,0.2865671641791045,0.27941176470588236,True,2
2005,2005-08-27,100,I'm Sprung,T-Pain,Hip-Hop/Rap,Hip-Hop,-0.8252,-0.0738304093567251,negative,negative,True,Hip-Hop,rule_based,,True,False,False,False,2382,2267,512,92,True,512,92,0.22265625,0.48913043478260865,True,1
2025,2025-05-03,1,Luther,Kendrick Lamar & SZA,"hip hop, west coast hip hop",Hip-Hop,0.9697,0.2310763888888888,positive,positive,True,Hip-Hop,rule_based,,True,False,False,False,2101,2064,411,51,True,411,51,0.34793187347931875,0.3529411764705882,True,100
2025,2025-05-03,2,Die With A Smile,Lady Gaga & Bruno Mars,"art pop, pop",Pop,0.9725,0.0540343915343915,positive,positive,True,Pop,rule_based,,False,False,False,False,1403,1403,293,50,True,293,50,0.28668941979522183,0.56,True,99
2025,2025-05-03,3,Ordinary,Alex Warren,Pop,Pop,-0.6988,-0.1523148148148148,negative,negative,True,Pop,rule_based,,False,False,False,False,1829,1829,352,44,True,350,44,0.32571428571428573,0.2954545454545454,True,98
2025,2025-05-03,4,Nokia,Drake,"rap, hip hop",Hip-Hop,0.9962,0.0538372267145852,positive,positive,True,Hip-Hop,rule_based,,False,False,False,False,3926,3926,751,97,True,748,97,0.23128342245989306,0.4742268041237113,True,97
2025,2025-05-03,5,A Bar Song (Tipsy),Shaboozey,Country,Country,0.8268,0.0985119047619047,positive,positive,True,Country,rule_based,,False,False,False,False,2132,2132,416,45,True,411,45,0.3284671532846715,0.3111111111111111,True,96
2025,2025-05-03,6,Pink Pony Club,Chappell Roan,Pop,Pop,0.9938,0.0104247104247104,positive,neutral,False,Pop,rule_based,,False,False,False,False,2009,1828,359,42,True,359,42,0.29526462395543174,0.45238095238095233,True,95
2025,2025-05-03,7,I'm The Problem,Morgan Wallen,country,Country,-0.9731,-0.2155982905982906,negative,negative,True,Country,rule_based,,False,False,False,False,1526,1526,309,42,True,307,42,0.34201954397394135,0.38095238095238093,True,94
2025,2025-05-03,8,I Ain't Coming Back,Morgan Wallen & Post Malone,country,Country,-0.9946,-0.1111111111111111,negative,negative,True,Country,rule_based,,False,False,False,False,1489,1489,310,36,True,305,36,0.3377049180327869,0.19444444444444442,True,93
2025,2025-05-03,9,Lose Control,Teddy Swims,Pop,Pop,0.9063,0.0417388167388167,positive,neutral,False,Pop,rule_based,,False,False,False,False,1365,1364,281,39,True,281,39,0.4199288256227758,0.28205128205128205,True,92
2025,2025-05-03,10,Beautiful Things,Benson Boone,Pop,Pop,0.9883,0.3266666666666666,positive,positive,True,Pop,rule_based,,False,False,False,False,1190,1190,249,38,True,247,38,0.4291497975708502,0.26315789473684215,True,91
2025,2025-05-03,11,All The Way,BigXthaPlug Featuring Bailey Zimmerman,southern hip hop,Hip-Hop,-0.4536,0.0139225181598062,negative,neutral,False,Hip-Hop,rule_based,,False,False,False,False,2889,2889,593,60,True,593,60,0.33389544688026984,0.30000000000000004,True,90
2025,2025-05-03,12,Anxiety,Doechii,Hip-Hop/Rap,Hip-Hop,-0.9241,0.0138047138047138,negative,neutral,False,Hip-Hop,rule_based,,False,False,False,False,2681,2681,524,66,True,524,66,0.24618320610687022,0.06060606060606055,True,89
2025,2025-05-03,13,Birds Of A Feather,Billie Eilish,Alternative,Alternative,-0.9949,0.1934782608695651,negative,positive,False,Alternative,rule_based,,False,False,False,False,1434,1434,298,39,True,298,39,0.37919463087248323,0.1282051282051282,True,88
2025,2025-05-03,14,Just In Case,Morgan Wallen,country,Country,-0.7827,0.212938596491228,negative,positive,False,Country,rule_based,,False,False,False,False,1792,1792,386,45,True,386,45,0.30569948186528495,0.4,True,87
2025,2025-05-03,15,I Had Some Help,Post Malone Featuring Morgan Wallen,Hip-Hop/Rap,Hip-Hop,0.9934,-0.0720588235294117,positive,negative,False,Country,manual_override,Artist-level hip-hop tag does not describe this collaboration.,False,False,False,False,1521,1521,304,41,True,304,41,0.3848684210526316,0.3902439024390244,True,86
2025,2025-05-03,16,APT.,ROSE & Bruno Mars,Contemporary Romance,Pop,0.9916,-0.1699999999999999,positive,negative,False,Pop,manual_override,Source returned a non-musical Contemporary Romance label.,True,False,False,False,1743,1700,369,77,True,300,77,0.27,0.6493506493506493,True,85
2025,2025-05-03,17,Love Somebody,Morgan Wallen,country,Country,0.9983,0.2493145743145743,positive,positive,True,Country,rule_based,,False,False,False,False,1326,1325,263,43,True,261,43,0.41379310344827586,0.34883720930232553,True,84
2025,2025-05-03,18,Mutt,Leon Thomas,R&B/Soul,R&B,-0.9399,-0.2024747474747474,negative,negative,True,R&B/Soul,rule_based,,False,False,False,False,1442,1442,302,32,True,302,32,0.30132450331125826,0.25,True,83
2025,2025-05-03,19,Espresso,Sabrina Carpenter,Pop,Pop,0.9935,0.0109623015873015,positive,neutral,False,Pop,rule_based,,False,False,False,False,2007,2007,409,56,True,409,56,0.2591687041564792,0.4464285714285714,True,82
2025,2025-05-03,20,That's So True,Gracie Abrams,Pop,Pop,0.9638,-0.0426419366074538,positive,neutral,False,Pop,rule_based,,False,False,False,False,1667,1667,332,41,True,332,41,0.4126506024096386,0.1707317073170732,True,81
2025,2025-05-03,21,Not Like Us,Kendrick Lamar,"hip hop, west coast hip hop",Hip-Hop,0.9678,0.0249512670565302,positive,neutral,False,Hip-Hop,rule_based,,False,False,False,False,4582,4582,917,101,True,908,101,0.40969162995594716,0.1188118811881188,True,80
2025,2025-05-03,22,Messy,Lola Young,R&B/Soul,R&B,-0.9981,-0.18178955453149,negative,negative,True,R&B/Soul,rule_based,,False,False,False,False,2427,2426,511,59,True,510,59,0.3058823529411765,0.3728813559322034,True,79
2025,2025-05-03,23,TV Off,Kendrick Lamar Featuring Lefty Gunplay,"hip hop, west coast hip hop",Hip-Hop,-0.9988,-0.1112442358366271,negative,negative,True,Hip-Hop,rule_based,,False,False,False,False,3954,3953,769,88,True,766,88,0.34073107049608353,0.2954545454545454,True,78
2025,2025-05-03,24,30 For 30,SZA With Kendrick Lamar,"egyptian pop, arabic rap, egyptian hip hop",Hip-Hop,-0.9959,0.0040302579365079,negative,neutral,False,R&B/Soul,manual_override,Source returned an unrelated Egyptian-music profile.,True,False,False,False,4216,4156,830,104,True,828,104,0.30917874396135264,0.3942307692307693,True,77
2025,2025-05-03,25,Sports Car,Tate McRae,Pop,Pop,0.9915,0.0291501322751322,positive,neutral,False,Pop,rule_based,,True,False,False,False,1735,1719,371,66,True,369,66,0.2981029810298103,0.28787878787878785,True,76
2025,2025-05-03,26,Abracadabra,Lady Gaga,"art pop, pop",Pop,-0.5951,0.0549999999999999,negative,positive,False,Pop,rule_based,,True,False,False,False,1647,1604,297,50,True,295,50,0.3389830508474576,0.48,True,75
2025,2025-05-03,27,Squabble Up,Kendrick Lamar,"hip hop, west coast hip hop",Hip-Hop,-0.9927,0.0643951166678439,negative,positive,False,Hip-Hop,rule_based,,False,False,False,False,2568,2568,514,66,True,512,66,0.43359375,0.16666666666666663,True,74
2025,2025-05-03,28,Stargazing,Myles Smith,Singer/Songwriter,Other,-0.9618,0.1877551020408163,negative,positive,False,Folk,rule_based,,False,False,False,False,1102,1102,227,40,True,225,40,0.3333333333333333,0.475,True,73
2025,2025-05-03,29,No One Noticed,The Marias,bedroom pop,Pop,-0.9919,0.091543513957307,negative,positive,False,Pop,rule_based,,True,False,False,False,1591,1500,306,36,True,304,36,0.2532894736842105,0.19444444444444442,True,72
2025,2025-05-03,30,Bad Dreams,Teddy Swims,Pop,Pop,0.3202,-0.0838588588588588,positive,negative,False,Pop,rule_based,,False,False,False,False,1397,1397,289,46,True,289,46,0.29411764705882354,0.32608695652173914,True,71
2025,2025-05-03,31,I Never Lie,Zach Top,country,Country,0.8956,0.1263888888888888,positive,positive,True,Country,rule_based,,False,False,False,False,1078,1078,232,36,True,232,36,0.3879310344827586,0.33333333333333337,True,70
2025,2025-05-03,32,Timeless,The Weeknd & Playboi Carti,R&B/Soul,R&B,0.9923,0.0187830687830687,positive,neutral,False,R&B/Soul,rule_based,,False,False,False,False,2790,2790,564,65,True,560,65,0.39285714285714285,0.01538461538461533,True,69
2025,2025-05-03,33,Taste,Sabrina Carpenter,Pop,Pop,0.9589,0.0653769841269841,positive,positive,True,Pop,rule_based,,False,False,False,False,1486,1486,305,38,True,304,38,0.3815789473684211,0.23684210526315785,True,68
2025,2025-05-03,34,Sorry I'm Here For Someone Else,Benson Boone,Pop,Pop,0.9979,0.0629807692307692,positive,positive,True,Pop,rule_based,,False,False,False,False,1618,1618,327,44,True,327,44,0.3853211009174312,0.25,True,67
2025,2025-05-03,35,Blue Strips,Jessie Murph,Alternative,Alternative,0.9685,-0.1799040404040403,positive,negative,False,Alternative,rule_based,,False,False,False,False,1642,1642,383,63,True,383,63,0.18276762402088773,0.6507936507936508,True,66
2025,2025-05-03,36,Worst Way,Riley Green,country,Country,-0.9736,-0.2215195105820106,negative,negative,True,Country,rule_based,,False,False,False,False,1444,1444,302,46,True,302,46,0.3211920529801324,0.4130434782608695,True,65
2025,2025-05-03,37,Good News,Shaboozey,Country,Country,0.4492,0.1318948412698412,positive,positive,True,Country,rule_based,,False,False,False,False,1559,1249,244,38,True,244,38,0.36065573770491804,0.5,True,64
2025,2025-05-03,38,Sailor Song,Gigi Perez,Alternative,Alternative,-0.9672,-0.144172932330827,negative,negative,True,Alternative,rule_based,,False,False,False,False,1481,1481,314,30,True,314,30,0.3980891719745223,0.19999999999999996,True,63
2025,2025-05-03,39,Weren't For The Wind,Ella Langley,country,Country,-0.2698,0.0273989898989899,negative,neutral,False,Country,rule_based,,False,False,False,False,1633,1633,305,46,True,305,46,0.32786885245901637,0.4782608695652174,True,62
2025,2025-05-03,40,Hard Fought Hallelujah,Brandon Lake X Jelly Roll,,Unknown,0.9996,-0.1024884259259259,positive,negative,False,Christian,manual_override,Missing source genre; broad category reviewed manually.,False,False,False,False,1841,1559,285,52,True,285,52,0.2771929824561403,0.3076923076923077,True,61
2025,2025-05-03,41,I'm A Little Crazy,Morgan Wallen,country,Country,-0.9953,-0.3909986772486772,negative,negative,True,Country,rule_based,,False,False,False,False,1299,1298,257,29,True,256,29,0.42578125,0.24137931034482762,True,60
2025,2025-05-03,42,Azizam,Ed Sheeran,soft pop,Pop,0.9591,-0.1527272727272727,positive,negative,False,Pop,rule_based,,False,False,False,False,1200,1200,250,39,True,248,39,0.3185483870967742,0.5128205128205128,True,59
2025,2025-05-03,43,Wildflower,Billie Eilish,Alternative,Alternative,0.9985,0.1929687499999999,positive,positive,True,Alternative,rule_based,,False,False,False,False,1489,1489,313,38,True,313,38,0.3706070287539936,0.052631578947368474,True,58
2025,2025-05-03,44,Cry For Me,The Weeknd,R&B/Soul,R&B,-0.9959,-0.0833874458874458,negative,negative,True,R&B/Soul,rule_based,,False,False,False,False,2134,1762,374,44,True,374,44,0.25935828877005346,0.38636363636363635,True,57
2025,2025-05-03,45,Dark Thoughts,Lil Tecca,"melodic rap, rap",Hip-Hop,-0.9962,-0.1196969696969696,negative,negative,True,Hip-Hop,rule_based,,True,False,False,False,2182,2100,436,34,True,436,34,0.2591743119266055,0.3529411764705882,True,56
2025,2025-05-03,46,Residuals,Chris Brown,r&b,R&B,0.9914,0.1510979358805445,positive,positive,True,R&B/Soul,rule_based,,False,False,False,False,1797,1797,363,54,True,363,54,0.32231404958677684,0.2407407407407407,True,55
2025,2025-05-03,47,Denial Is A River,Doechii,Hip-Hop/Rap,Hip-Hop,-0.5465,0.0725340136054421,negative,positive,False,Hip-Hop,rule_based,,False,False,False,False,2817,2817,559,78,True,556,78,0.4658273381294964,0.0,True,54
2025,2025-05-03,48,DTMF,Bad Bunny,"reggaeton, trap latino, urbano latino, latin",Hip-Hop,-0.9186,0.0,negative,neutral,False,Latin,rule_based,,False,False,False,False,2402,2402,475,59,True,406,59,0.4408866995073892,0.06779661016949157,True,53
2025,2025-05-03,49,Indigo,Sam Barber Featuring Avery Anna,country,Country,0.9872,0.1357142857142857,positive,positive,True,Country,rule_based,,False,False,False,False,1564,1563,321,34,True,321,34,0.3302180685358255,0.38235294117647056,True,52
2025,2025-05-03,50,Am I Okay?,Megan Moroney,country,Country,0.9992,0.3386507936507936,positive,positive,True,Country,rule_based,,False,False,False,False,1726,1726,347,45,True,345,45,0.3333333333333333,0.4222222222222223,True,51
2025,2025-05-03,51,Back To Friends,sombr,Indie Rock,Rock,0.9757,-0.134347442680776,positive,negative,False,Alternative,rule_based,,False,False,False,False,943,943,191,31,True,189,31,0.3968253968253968,0.32258064516129037,True,50
2025,2025-05-03,52,Me Jalo,Fuerza Regida & Grupo Frontera,"corrido, corridos tumbados, corridos bélicos, música mexicana, banda, sierreño, electro corridos, sad sierreño",Other,-0.296,0.15,negative,positive,False,Latin,rule_based,,False,False,False,False,1733,1733,366,51,True,319,51,0.26332288401253917,0.3137254901960784,True,49
2025,2025-05-03,53,Love Me Not,Ravyn Lenae,alternative r&b,R&B,0.9712,-0.0116666666666666,positive,neutral,False,R&B/Soul,rule_based,,False,False,False,False,2297,2297,496,50,True,496,50,0.23790322580645162,0.48,True,48
2025,2025-05-03,54,Smile,Morgan Wallen,country,Country,0.9953,0.2461180124223602,positive,positive,True,Country,rule_based,,False,False,False,False,1132,1132,235,28,True,233,28,0.48068669527896996,0.3214285714285714,True,47
2025,2025-05-03,55,Twilight Zone,Ariana Grande,pop,Pop,-0.155,0.1746753246753246,negative,positive,False,Pop,rule_based,,False,False,False,False,1432,1432,285,46,True,285,46,0.3368421052631579,0.3913043478260869,True,46
2025,2025-05-03,56,Somebody Loves Me,PARTYNEXTDOOR & Drake,r&b,R&B,0.9981,0.0840419501133787,positive,positive,True,R&B/Soul,rule_based,,False,False,False,False,1907,1907,373,46,True,371,46,0.3692722371967655,0.21739130434782605,True,45
2025,2025-05-03,57,Undressed,sombr,Indie Rock,Rock,-0.9206,-0.0354256854256854,negative,neutral,False,Alternative,rule_based,,False,False,False,False,1349,1348,262,34,True,260,34,0.3346153846153846,0.3529411764705882,True,44
2025,2025-05-03,58,Revolving Door,Tate McRae,Pop,Pop,-0.9776,0.1452241715399609,negative,positive,False,Pop,rule_based,,False,False,False,False,1920,1920,408,50,True,406,50,0.2733990147783251,0.21999999999999997,True,43
2025,2025-05-03,59,Baile Inolvidable,Bad Bunny,"reggaeton, trap latino, urbano latino, latin",Hip-Hop,-0.9878,0.0,negative,neutral,False,Latin,rule_based,,False,False,False,False,2083,2083,420,69,True,370,69,0.3324324324324324,0.3623188405797102,True,42
2025,2025-05-03,60,Rather Lie,Playboi Carti & The Weeknd,rage rap,Hip-Hop,-0.8666,0.0037907268170426,negative,neutral,False,Hip-Hop,rule_based,,False,False,False,False,2973,2973,592,74,True,588,74,0.2942176870748299,0.21621621621621623,True,41
2025,2025-05-03,61,The Giver,Chappell Roan,Pop,Pop,0.9963,0.3208333333333333,positive,positive,True,Pop,rule_based,,False,False,False,False,1520,1520,339,59,True,339,59,0.31268436578171094,0.44067796610169496,True,40
2025,2025-05-03,62,Peekaboo,Kendrick Lamar Featuring AzChike,"hip hop, west coast hip hop",Hip-Hop,-0.9712,0.0350448933782267,negative,neutral,False,Hip-Hop,rule_based,,False,False,False,False,3301,3301,583,67,True,579,67,0.33678756476683935,0.32835820895522383,True,39
2025,2025-05-03,63,BMF,SZA,"egyptian pop, arabic rap, egyptian hip hop",Hip-Hop,0.9914,0.2298463356973994,positive,positive,True,R&B/Soul,manual_override,Source returned an unrelated Egyptian-music profile.,False,False,False,False,2007,2007,407,49,True,405,49,0.41975308641975306,0.18367346938775508,True,38
2025,2025-05-03,64,Fix What You Didn't Break,Nate Smith,country,Country,-0.893,-0.0570728291316526,negative,negative,True,Country,rule_based,,False,False,False,False,1614,1614,333,47,True,333,47,0.3033033033033033,0.42553191489361697,True,37
2025,2025-05-03,65,Holy Smokes,Bailey Zimmerman,country,Country,0.753,0.0478333333333333,positive,neutral,False,Country,rule_based,,False,False,False,False,1727,1725,330,36,True,328,36,0.3719512195121951,0.36111111111111116,True,36
2025,2025-05-03,66,Somethin' 'Bout A Woman,Thomas Rhett Featuring Teddy Swims,"country, acoustic country, pop country",Pop,0.2723,0.2208888888888888,positive,positive,True,Country,rule_based,,False,False,False,False,1465,1465,261,43,True,259,43,0.33976833976833976,0.2790697674418605,True,35
2025,2025-05-03,67,Te Queria Ver,Aleman X Neton Vega,,Unknown,-0.4939,0.0,negative,neutral,False,Latin,manual_override,Missing source genre; broad category reviewed manually.,False,False,False,False,1759,1759,336,44,True,303,44,0.48184818481848185,0.2727272727272727,True,34
2025,2025-05-03,68,Friends Like That,John Morgan Featuring Jason Aldean,country,Country,0.9942,0.0577248677248677,positive,positive,True,Country,rule_based,,False,False,False,False,1909,1909,384,46,True,384,46,0.3151041666666667,0.3695652173913043,True,33
2025,2025-05-03,69,Loco,Neton Vega,"corrido, corridos tumbados, corridos bélicos, electro corridos",Other,-0.9825,0.0,negative,neutral,False,Latin,rule_based,,False,False,False,False,2023,2023,411,51,True,391,51,0.2557544757033248,0.47058823529411764,True,32
2025,2025-05-03,70,Texas,Blake Shelton,country,Country,0.1824,0.395940170940171,positive,positive,True,Country,rule_based,,False,False,False,False,1461,1461,267,47,True,267,47,0.35580524344569286,0.574468085106383,True,31
2025,2025-05-03,71,Happen To Me,Russell Dickerson,country,Country,0.8301,0.0461375661375661,positive,neutral,False,Country,rule_based,,False,False,False,False,1818,1818,350,39,True,348,39,0.29022988505747127,0.2564102564102564,True,30
2025,2025-05-03,72,Your Way's Better,Forrest Frank,"christian hip hop, christian pop, pop worship, christian, worship, gospel r&b",Christian,0.9975,0.3898611111111111,positive,positive,True,Christian,rule_based,,False,False,False,False,1591,1591,310,51,True,308,51,0.36038961038961037,0.3137254901960784,True,29
2025,2025-05-03,73,Backseat Driver,Kane Brown,"country, pop country",Pop,0.9265,-0.0874042145593869,positive,negative,False,Country,rule_based,,False,False,False,False,1864,1864,377,48,True,373,48,0.3726541554959786,0.33333333333333337,True,28
2025,2025-05-03,74,Busy Woman,Sabrina Carpenter,Pop,Pop,0.9976,0.1547929067460317,positive,positive,True,Pop,rule_based,,False,False,False,False,1598,1598,322,43,True,322,43,0.3198757763975155,0.3023255813953488,True,27
2025,2025-05-03,75,Are You Even Real,Teddy Swims & GIVEON,Pop,Pop,0.9905,0.3311224489795918,positive,positive,True,Pop,rule_based,,False,False,False,False,1299,1299,271,42,True,269,42,0.35315985130111527,0.1428571428571429,True,26
2025,2025-05-03,76,Ojos Tristes,"Selena Gomez, benny blanco & The Marias",pop,Pop,0.9506,-0.3220238095238095,positive,negative,False,Pop,rule_based,,False,False,False,False,1182,1182,248,36,True,236,36,0.4194915254237288,0.3055555555555556,True,25
2025,2025-05-03,77,EOO,Bad Bunny,"reggaeton, trap latino, urbano latino, latin",Hip-Hop,-0.9652,-0.3333333333333332,negative,negative,True,Latin,rule_based,,False,False,False,False,2424,2424,473,61,True,429,61,0.38927738927738925,0.11475409836065575,True,24
2025,2025-05-03,78,Steve's Lava Chicken,Jack Black,Hard Rock,Rock,-0.0516,-0.1166666666666666,negative,negative,True,Rock,rule_based,,True,False,False,False,398,202,38,5,True,38,5,0.6842105263157895,0.0,True,23
2025,2025-05-03,79,The Largest,BigXthaPlug,southern hip hop,Hip-Hop,-0.9875,0.065602453102453,negative,positive,False,Hip-Hop,rule_based,,False,False,False,False,2205,2205,427,49,True,422,49,0.43601895734597157,0.1428571428571429,True,22
2025,2025-05-03,80,No Pole,Don Toliver,Hip-Hop/Rap,Hip-Hop,0.9583,0.0112128612128612,positive,neutral,False,Hip-Hop,rule_based,,False,False,False,False,2122,2122,427,50,True,425,50,0.32235294117647056,0.16000000000000003,True,21
2025,2025-05-03,81,Feel It,d4vd,Alternative,Alternative,0.9878,0.0388888888888888,positive,neutral,False,Alternative,rule_based,,False,False,False,False,1826,1826,382,50,True,382,50,0.31413612565445026,0.19999999999999996,True,20
2025,2025-05-03,82,Die Trying,"PARTYNEXTDOOR, Drake & Yebba",r&b,R&B,0.982,0.0629164313946922,positive,positive,True,R&B/Soul,rule_based,,False,False,False,False,2068,2068,411,51,True,411,51,0.4233576642335766,0.2549019607843137,True,19
2025,2025-05-03,83,Like Him,"Tyler, The Creator Featuring Lola Young",Hip-Hop/Rap,Hip-Hop,0.9352,-0.0977272727272727,positive,negative,False,Hip-Hop,rule_based,,False,False,False,False,1648,1648,341,58,True,339,58,0.336283185840708,0.18965517241379315,True,18
2025,2025-05-03,84,Morena,Neton Vega & Peso Pluma,"corrido, corridos tumbados, corridos bélicos, electro corridos",Other,-0.8591,0.0,negative,neutral,False,Latin,rule_based,,False,False,False,False,815,815,158,27,True,145,27,0.5172413793103449,0.2222222222222222,True,17
2025,2025-05-03,85,Haunted,Kane Brown With Jelly Roll,"country, pop country",Pop,-0.997,0.1709459459459459,negative,positive,False,Country,rule_based,,False,False,False,False,1784,1590,320,51,True,320,51,0.265625,0.4117647058823529,True,16
2025,2025-05-03,86,Gimme A Hug,Drake,"rap, hip hop",Hip-Hop,0.9154,-0.0237462006079027,positive,neutral,False,Hip-Hop,rule_based,,False,False,False,False,2741,2741,539,53,True,535,53,0.47102803738317756,0.0,True,15
2025,2025-05-03,87,Headphones On,Addison Rae,Pop,Pop,0.9928,0.3053030303030303,positive,positive,True,Pop,rule_based,,False,False,False,False,2143,2143,429,62,True,427,62,0.22950819672131148,0.5806451612903225,True,14
2025,2025-05-03,88,End Of The World,Miley Cyrus,Pop,Pop,0.8396,0.1633333333333333,positive,positive,True,Pop,rule_based,,False,False,False,False,1966,1966,404,40,True,404,40,0.28465346534653463,0.32499999999999996,True,13
2025,2025-05-03,89,Whiskey Drink,Jason Aldean,"country, acoustic country",Country,0.9716,0.1172063492063492,positive,positive,True,Country,rule_based,,False,False,False,False,1805,1805,365,57,True,365,57,0.2958904109589041,0.29824561403508776,True,12
2025,2025-05-03,90,Call Me When You Break Up,"Selena Gomez, benny blanco & Gracie Abrams",pop,Pop,-0.929,-0.0890747755331089,negative,negative,True,Pop,rule_based,,False,False,False,False,1641,1641,345,36,True,343,36,0.37317784256559766,0.3055555555555556,True,11
2025,2025-05-03,91,Forever To Me,Cole Swindell,"country, acoustic country",Country,0.9933,0.1520292207792208,positive,positive,True,Country,rule_based,,False,False,False,False,1301,1301,267,36,True,265,36,0.4339622641509434,0.08333333333333337,True,10
2025,2025-05-03,92,Chest Pain (I Love),Malcolm Todd,Alternative,Alternative,0.9991,0.3707988980716253,positive,positive,True,Alternative,rule_based,,False,False,False,False,1112,1112,243,36,True,243,36,0.32098765432098764,0.4722222222222222,True,9
2025,2025-05-03,93,Nuevayol,Bad Bunny,"reggaeton, trap latino, urbano latino, latin",Hip-Hop,-0.743,0.1266666666666667,negative,positive,False,Latin,rule_based,,False,False,False,False,2185,2185,436,57,True,395,57,0.37468354430379747,0.21052631578947367,True,8
2025,2025-05-03,94,Party 4 U,Charli xcx,"hyperpop, art pop",Pop,1.0,0.1200348432055748,positive,positive,True,Pop,rule_based,,True,False,False,False,4153,4072,839,97,True,836,97,0.16267942583732056,0.5463917525773196,True,7
2025,2025-05-03,95,Actin Up,Tommy Richman,Hip-Hop/Rap,Hip-Hop,-0.9503,-0.1454785954785955,negative,negative,True,Hip-Hop,rule_based,,False,False,False,False,1884,1884,393,43,True,391,43,0.2915601023017903,0.09302325581395354,True,6
2025,2025-05-03,96,Tattoo,Tito Double P,"corrido, corridos tumbados, corridos bélicos, electro corridos, música mexicana",Other,-0.9666,-0.2,negative,negative,True,Latin,rule_based,,False,False,False,False,992,992,190,31,True,151,31,0.5033112582781457,0.25806451612903225,True,5
2025,2025-05-03,97,House Again,Hudson Westbrook,country,Country,-0.9552,0.0297202797202797,negative,neutral,False,Country,rule_based,,False,False,False,False,1436,1436,308,43,True,305,43,0.33114754098360655,0.34883720930232553,True,4
2025,2025-05-03,98,like JENNIE,JENNIE,k-pop,Pop,0.9693,0.0582482993197278,positive,positive,True,Pop,rule_based,,True,False,False,False,1736,1705,307,50,True,279,50,0.32616487455197135,0.24,True,3
2025,2025-05-03,99,Caramel,Sleep Token,"progressive metal, metalcore",Metal,-0.8848,0.0912840136054421,negative,positive,False,Metal,rule_based,,True,False,False,False,2263,2172,430,47,True,426,47,0.4671361502347418,0.08510638297872342,True,2
